pipeline_id,relation,AIR,backend,implementation_tier,source_epoch,completed_stage,ZK_status,unconditional_regime,conditional_regime,missing_assumptions,codec,native_proof_bytes_median,ABI_bytes,prove_ms_median,verify_ms_median,peak_RSS_bytes_median,direct_gas,part_A_gas,part_B_gas,deposit_gas,deployment_gas,physical_gate,product_gate,future_scenario_gate,samples,worst_case,stop_reason_class,next_experiment,owner,evidence
C0-fixed-b4-q32-fixed,exact frozen H0,horizontal,pinned hiding FRI,native release,per-command binary SHA256; resumed source after bc71758,native proof and verification distribution,CONFIGURED_HIDING_COMPOSITION_UNQUALIFIED,fixed b4/q32 not normalized,NOT_QUALIFIED,batching-object theorem applicability; Fiat-Shamir/QROM; lifetime; MMCS/hiding composition,postcard1.1.3,195318.0,,546.0687085,2.1263545,28008448.0,,,,,,UNKNOWN_COMPLETE_NEW_PATH,UNKNOWN,UNKNOWN,30,sample maximum only; p99 not population-qualified,missing software/API/configuration,complete candidate codec and local verifier costs; interrupted operational state tests,R2-04/R2-08,research/r2/air/outputs/resume-causal-distributions-01/summary.json
C0-fixed-b4-q32-varied,exact frozen H0,horizontal,pinned hiding FRI,native release,per-command binary SHA256; resumed source after bc71758,native proof and verification distribution,CONFIGURED_HIDING_COMPOSITION_UNQUALIFIED,fixed b4/q32 not normalized,NOT_QUALIFIED,batching-object theorem applicability; Fiat-Shamir/QROM; lifetime; MMCS/hiding composition,postcard1.1.3,195048.0,,544.9481255000001,2.1235204999999997,28098560.0,,,,,,UNKNOWN_COMPLETE_NEW_PATH,UNKNOWN,UNKNOWN,30,sample maximum only; p99 not population-qualified,missing software/API/configuration,complete candidate codec and local verifier costs; interrupted operational state tests,R2-04/R2-08,research/r2/air/outputs/resume-causal-distributions-01/summary.json
C1-fixed-b4-q32-fixed,exact frozen H0,vertical decomposed,pinned hiding FRI,native release,per-command binary SHA256; resumed source after bc71758,native proof and verification distribution,CONFIGURED_HIDING_COMPOSITION_UNQUALIFIED,fixed b4/q32 not normalized,NOT_QUALIFIED,batching-object theorem applicability; Fiat-Shamir/QROM; lifetime; MMCS/hiding composition,postcard1.1.3,316603.5,,2476.537604,3.743333,476889088.0,,,,,,UNKNOWN_COMPLETE_NEW_PATH,UNKNOWN,UNKNOWN,30,sample maximum only; p99 not population-qualified,missing software/API/configuration,complete candidate codec and local verifier costs; interrupted operational state tests,R2-04/R2-08,research/r2/air/outputs/resume-causal-distributions-01/summary.json
C1-fixed-b4-q32-varied,exact frozen H0,vertical decomposed,pinned hiding FRI,native release,per-command binary SHA256; resumed source after bc71758,native proof and verification distribution,CONFIGURED_HIDING_COMPOSITION_UNQUALIFIED,fixed b4/q32 not normalized,NOT_QUALIFIED,batching-object theorem applicability; Fiat-Shamir/QROM; lifetime; MMCS/hiding composition,postcard1.1.3,316316.0,,2452.6905005,3.7144995,468541440.0,,,,,,UNKNOWN_COMPLETE_NEW_PATH,UNKNOWN,UNKNOWN,30,sample maximum only; p99 not population-qualified,missing software/API/configuration,complete candidate codec and local verifier costs; interrupted operational state tests,R2-04/R2-08,research/r2/air/outputs/resume-causal-distributions-01/summary.json
C2-fixed-b4-q32-fixed,complete H5,horizontal,pinned hiding FRI,native release,per-command binary SHA256; resumed source after bc71758,native proof and verification distribution,CONFIGURED_HIDING_COMPOSITION_UNQUALIFIED,fixed b4/q32 not normalized,NOT_QUALIFIED,batching-object theorem applicability; Fiat-Shamir/QROM; lifetime; MMCS/hiding composition,postcard1.1.3,173634.5,,384.645625,28.471479,18874368.0,,,,,,UNKNOWN_COMPLETE_NEW_PATH,UNKNOWN,UNKNOWN,30,sample maximum only; p99 not population-qualified,missing software/API/configuration,complete candidate codec and local verifier costs; interrupted operational state tests,R2-04/R2-08,research/r2/air/outputs/resume-causal-distributions-01/summary.json
C2-fixed-b4-q32-varied,complete H5,horizontal,pinned hiding FRI,native release,per-command binary SHA256; resumed source after bc71758,native proof and verification distribution,CONFIGURED_HIDING_COMPOSITION_UNQUALIFIED,fixed b4/q32 not normalized,NOT_QUALIFIED,batching-object theorem applicability; Fiat-Shamir/QROM; lifetime; MMCS/hiding composition,postcard1.1.3,172923.0,,398.380083,28.7922505,18268160.0,,,,,,UNKNOWN_COMPLETE_NEW_PATH,UNKNOWN,UNKNOWN,30,sample maximum only; p99 not population-qualified,missing software/API/configuration,complete candidate codec and local verifier costs; interrupted operational state tests,R2-04/R2-08,research/r2/air/outputs/resume-causal-distributions-01/summary.json
C3-fixed-b4-q32-fixed,complete H5,vertical decomposed,pinned hiding FRI,native release,per-command binary SHA256; resumed source after bc71758,native proof and verification distribution,CONFIGURED_HIDING_COMPOSITION_UNQUALIFIED,fixed b4/q32 not normalized,NOT_QUALIFIED,batching-object theorem applicability; Fiat-Shamir/QROM; lifetime; MMCS/hiding composition,postcard1.1.3,291468.5,,1617.8986875,3.8811045,288284672.0,,,,,,UNKNOWN_COMPLETE_NEW_PATH,UNKNOWN,UNKNOWN,30,sample maximum only; p99 not population-qualified,missing software/API/configuration,complete candidate codec and local verifier costs; interrupted operational state tests,R2-04/R2-08,research/r2/air/outputs/resume-causal-distributions-01/summary.json
C3-fixed-b4-q32-varied,complete H5,vertical decomposed,pinned hiding FRI,native release,per-command binary SHA256; resumed source after bc71758,native proof and verification distribution,CONFIGURED_HIDING_COMPOSITION_UNQUALIFIED,fixed b4/q32 not normalized,NOT_QUALIFIED,batching-object theorem applicability; Fiat-Shamir/QROM; lifetime; MMCS/hiding composition,postcard1.1.3,289898.0,,1652.1072920000001,3.8053745,285614080.0,,,,,,UNKNOWN_COMPLETE_NEW_PATH,UNKNOWN,UNKNOWN,30,sample maximum only; p99 not population-qualified,missing software/API/configuration,complete candidate codec and local verifier costs; interrupted operational state tests,R2-04/R2-08,research/r2/air/outputs/resume-causal-distributions-01/summary.json
R2-C4-H0-multilinear-plain-WHIR-control,exact frozen H0,horizontal multilinear wrapper,plain WHIR; NON_HIDING,native release,3152b14a89067c83775a8076cc262ffc48a1fd7c,SAME_RELATION_NATIVE_NON_HIDING_CONTROL,NON_HIDING_CONTROL_NOT_PRIVATE_WITHDRAWAL,NOT_QUALIFIED,CONDITIONAL_CAPACITY_BOUND,Complete hiding outer zerocheck/prescribed-point adapter absent,postcard,34290,,79.323667,6.765125,,,,,,,UNKNOWN_FULL_PATH,INELIGIBLE_NON_HIDING_CONTROL,UNKNOWN,1,single observation only,missing software/API/configuration,"actual hiding outer relation proof, not opening-only wrapper",R2-07,research/r2/backend/outputs/resume-h0-degree-32/results.json
