regime,transaction,gas,status,record_path,evidence
hash-resume-costs-06,0x986507cf7ceaf2951a7d5634a81100a86cbe0c8ab65e239488dd2793160b4ed4,16765511,0,/capped_deposit/0/constructor_receipt,research/r2/hash/outputs/resume-costs-06/results.json
hash-resume-costs-06,0x3b5bd8f99d92719105284cc21c39c0c2a56315eb545260e07d5b2cfd74dc7f63,16768033,0,/capped_deposit/1/constructor_receipt,research/r2/hash/outputs/resume-costs-06/results.json
hash-resume-costs-06,0x77e8e238206e46b4f62c3d854b87c8b361478a79b2efe6b3a7ec743819a8a0e8,16759109,0,/capped_deposit/2/constructor_receipt,research/r2/hash/outputs/resume-costs-06/results.json
hash-resume-costs-06,0xfcc9b908b5ce48c9203f424a37206f9d91a8d2a7ad3bada91d96bc3d6ef9260f,11831940,1,/capped_deposit/3/constructor_receipt,research/r2/hash/outputs/resume-costs-06/results.json
hash-resume-costs-06,0xe6918293bf3d6f1cd06eb9cde90bcab8a0b9fc3284155410d419d1edde6016a6,7594038,1,/capped_deposit/3/deposit_receipt,research/r2/hash/outputs/resume-costs-06/results.json
hash-resume-costs-06,0x2a8efb3b299d934547cd5975b5bb0354c67d6b15d37560eeb590e743a7ad1d8f,7562416,1,/capped_deposit/3/second_deposit_receipt,research/r2/hash/outputs/resume-costs-06/results.json
hash-resume-costs-06,0xc683a05e219d34926795dcddea99cef824cca37a28917a4e792f0801b8402faf,11149416,1,/capped_deposit/4/constructor_receipt,research/r2/hash/outputs/resume-costs-06/results.json
hash-resume-costs-06,0xb0ee9c1e3e60a1808d8a7b3f52134c964f6d7aa4fca3a64bf092cf8d9e5af703,7069418,1,/capped_deposit/4/deposit_receipt,research/r2/hash/outputs/resume-costs-06/results.json
hash-resume-costs-06,0xb3d582f91b2210cc8dc18bfd6ff75847afc091241aa4a2ffe35af3f993182b87,7037796,1,/capped_deposit/4/second_deposit_receipt,research/r2/hash/outputs/resume-costs-06/results.json
hash-resume-costs-06,0xcef6a2ac53ceca6c36c85ceb4896aaa6d28cfad55f4037d4000cd2c2522ec01b,146339062,1,/diagnostic_deposit/0/constructor_receipt,research/r2/hash/outputs/resume-costs-06/results.json
hash-resume-costs-06,0xaa8c149ddae8f45bd8c5f08fb5dc7a363d8d9fd04a27f21e718ec5619622b65e,128493247,1,/diagnostic_deposit/0/deposit_receipt,research/r2/hash/outputs/resume-costs-06/results.json
hash-resume-costs-06,0x3427b30d9cec2d077e5ed717d3dcfbc20232f0b9cc304f770a991f2b940c6d12,128460258,1,/diagnostic_deposit/0/second_deposit_receipt,research/r2/hash/outputs/resume-costs-06/results.json
hash-resume-costs-06,0x6e6265f1ceaec14885b79542aad4684d94abefbbd81c1fcb9213c5e56279aa37,19224274,1,/diagnostic_deposit/1/constructor_receipt,research/r2/hash/outputs/resume-costs-06/results.json
hash-resume-costs-06,0x515e3905540cc8257e695f5cf3afe1265e54e2d725565e2f6d8976a435aac2f2,15287747,1,/diagnostic_deposit/1/deposit_receipt,research/r2/hash/outputs/resume-costs-06/results.json
hash-resume-costs-06,0x51526c049dc6723fb6589a95311ae92c39c4a5de487f8f8c528b4f4df82490f3,15254734,1,/diagnostic_deposit/1/second_deposit_receipt,research/r2/hash/outputs/resume-costs-06/results.json
hash-resume-costs-06,0xab6a82f59be7aa73a0f0ea7adf5a37ca4ad8db4acc235dcafccb07fb484bed05,59300293,1,/diagnostic_deposit/2/constructor_receipt,research/r2/hash/outputs/resume-costs-06/results.json
hash-resume-costs-06,0x7749ea9a9e4b2e5b48e638c97545d78edc6abf4a981268fb8030d7023f914865,44105738,1,/diagnostic_deposit/2/deposit_receipt,research/r2/hash/outputs/resume-costs-06/results.json
hash-resume-costs-06,0x0eb806567bc929870ec2d75d60aa0d06f39cdf825effdd14032d8303b3b84e2a,44074116,1,/diagnostic_deposit/2/second_deposit_receipt,research/r2/hash/outputs/resume-costs-06/results.json
hash-resume-costs-06,0x8e6734fd660340ccb4d4a2a85222df6b5a5add29a96e8493c231d61e6dd5e868,11831940,1,/diagnostic_deposit/3/constructor_receipt,research/r2/hash/outputs/resume-costs-06/results.json
hash-resume-costs-06,0xd58c19cc43197c49038e9b4b17a93642b3dd3aad6dd7b387620b837ce6804104,7594026,1,/diagnostic_deposit/3/deposit_receipt,research/r2/hash/outputs/resume-costs-06/results.json
hash-resume-costs-06,0xc5e5256bab6423b2b46f495a5bc0cf4d72158431f8b12dccdb5aaf9c6a79d12b,7562416,1,/diagnostic_deposit/3/second_deposit_receipt,research/r2/hash/outputs/resume-costs-06/results.json
hash-resume-costs-06,0x5690e11ea8db5432c42ccf1dcab71e293606e28abe9a9f166d2747e33d0ec0c2,11149428,1,/diagnostic_deposit/4/constructor_receipt,research/r2/hash/outputs/resume-costs-06/results.json
hash-resume-costs-06,0xc2a0107a3a321f07a1ec87060f80194b2d8f9c5ec33ef32dbb604250fe9d372f,7069418,1,/diagnostic_deposit/4/deposit_receipt,research/r2/hash/outputs/resume-costs-06/results.json
hash-resume-costs-06,0x8a0fcafc1e45b8e5ae16a78c46700879c0477d389539ad2a2d8b26063f78fe4d,7037796,1,/diagnostic_deposit/4/second_deposit_receipt,research/r2/hash/outputs/resume-costs-06/results.json
Prague-diagnostic-AIR,0x4068ef8d7ba337ed5cb5cc6dfeb3bd9866293d163b6566bce5a16371774e2588,514613,1,/deployment_receipt,research/r2/air/outputs/resume-diagnostic2-cost-C1-decomposed/air-cost-results.json
Prague-diagnostic-AIR,0xaae395a8aeeee14b9442ffc11c4e313115eb84f6cdb35f71bd75b9f0555f0d52,34161834,1,/evaluation_receipt,research/r2/air/outputs/resume-diagnostic2-cost-C1-decomposed/air-cost-results.json
Prague-diagnostic-AIR,0x483c4a6c009a5cfb835a37214432b3886d7357c19d208116a53080b5912e53d8,514601,1,/deployment_receipt,research/r2/air/outputs/resume-diagnostic2-cost-C1-lanes4/air-cost-results.json
Prague-diagnostic-AIR,0x4ac1ae2c6f2a12db55eecfb00d2e1a90cd9bb0fc01274ea66d2e56082af9e60a,34645818,1,/evaluation_receipt,research/r2/air/outputs/resume-diagnostic2-cost-C1-lanes4/air-cost-results.json
Prague-diagnostic-AIR,0xcad537646a628ec7d950eead4c8bd2023b55d7b21522a8c10aa824b80421123a,514601,1,/deployment_receipt,research/r2/air/outputs/resume-diagnostic2-cost-C1-whole-round/air-cost-results.json
Prague-diagnostic-AIR,0x727ebba4c8a456d3f606de0990cfc662508084201b4052e7516800807544b014,33430153,1,/evaluation_receipt,research/r2/air/outputs/resume-diagnostic2-cost-C1-whole-round/air-cost-results.json
Prague-diagnostic-AIR,0x41b7e8cc1fa40800a372ab212173a4f75c8edd2128666ee823a4c9be79fd3e5d,514613,1,/deployment_receipt,research/r2/air/outputs/resume-diagnostic2-cost-C2-horizontal/air-cost-results.json
Prague-diagnostic-AIR,0x4fa1739da471db1a2fedb75895c6eb96c7154c5ebdf9904b475f091d503968c6,85093629,1,/evaluation_receipt,research/r2/air/outputs/resume-diagnostic2-cost-C2-horizontal/air-cost-results.json
Prague-diagnostic-AIR,0x2af6576ad791803d2abe94ba91007b02859be3feaf8a00c8b374e3dadd92ca19,514613,1,/deployment_receipt,research/r2/air/outputs/resume-diagnostic2-cost-C3-decomposed/air-cost-results.json
Prague-diagnostic-AIR,0xcc5659b0797f302e0d23def1028d85a1f30f1854e978d49bd3d53dfd11c75cf5,49640090,1,/evaluation_receipt,research/r2/air/outputs/resume-diagnostic2-cost-C3-decomposed/air-cost-results.json
Prague-diagnostic-AIR,0xa944f717f952808b66b2c39f1574a5de181a08e82550452127a1b96ec6a6520a,514601,1,/deployment_receipt,research/r2/air/outputs/resume-diagnostic2-cost-C3-lanes4/air-cost-results.json
Prague-diagnostic-AIR,0xfffbb348f36a01d4a04519b24714cfc31b8918e26e7178677e42a98a3d22f7e1,53993833,1,/evaluation_receipt,research/r2/air/outputs/resume-diagnostic2-cost-C3-lanes4/air-cost-results.json
Prague-diagnostic-AIR,0x203cdb5afaa9543c38da7b4cc962948f2b25f3d9587db6175a2817dd1ba6af41,514613,1,/deployment_receipt,research/r2/air/outputs/resume-diagnostic2-cost-C3-whole-round/air-cost-results.json
Prague-diagnostic-AIR,0x98198cc969dda0b364a001ac8a6a22c84cf6083bb781d2745b40cab5dd97617f,48067337,1,/evaluation_receipt,research/r2/air/outputs/resume-diagnostic2-cost-C3-whole-round/air-cost-results.json
Osaka-component-gas-02,0xb9a425586272edd0581e826c8fe76703b6038270009c71c5e10c2c78bc647e1f,3267770,1,/0/observations/0/chunks/0/receipt,research/r2/models/outputs/resume-component-gas-02/samples.json
Osaka-component-gas-02,0xa2d51a64c6bdc8ab1fc42277533afcf03edd4bb99cd99795841b04f5d82c07b5,3113617,1,/0/observations/1/chunks/0/receipt,research/r2/models/outputs/resume-component-gas-02/samples.json
Osaka-component-gas-02,0x266daf4ed5bc5d7ddab343ff3a58ed42e82386d5d065d8ff95a95b41fe420474,5248500,1,/1/observations/0/chunks/0/receipt,research/r2/models/outputs/resume-component-gas-02/samples.json
Osaka-component-gas-02,0xda91e8ff22d5e339d4693b6f773f404c3091f7ffa369b3a5d2db435c7f3464d4,3814550,1,/1/observations/0/chunks/1/receipt,research/r2/models/outputs/resume-component-gas-02/samples.json
Osaka-component-gas-02,0xb3f452bb58d7b4b3f58ae2fa00200b7203d2a677bf41c96dd17b441cf1168f4b,5248470,1,/1/observations/1/chunks/0/receipt,research/r2/models/outputs/resume-component-gas-02/samples.json
Osaka-component-gas-02,0x9b3c97b3708e4269440817535927abcf9b20a854555e0fa62cb0f16e9e69993e,3814520,1,/1/observations/1/chunks/1/receipt,research/r2/models/outputs/resume-component-gas-02/samples.json
Osaka-component-gas-02,0x0fef13c750d808c7d1d167d56e9cb3ddb8396d38be557830ff5f1ecf773b0e6f,3264269,1,/2/observations/0/chunks/0/receipt,research/r2/models/outputs/resume-component-gas-02/samples.json
Osaka-component-gas-02,0x246d5d994fc997a4ce825675654fc275bea59a10bd90c4e7db444cb444c827b7,3112361,1,/2/observations/1/chunks/0/receipt,research/r2/models/outputs/resume-component-gas-02/samples.json
Osaka-component-gas-02,0xb2c6a27a8df1334fb94eb95b5e2374a76be5beb39f5a587b903744dae95885ed,5250150,1,/3/observations/0/chunks/0/receipt,research/r2/models/outputs/resume-component-gas-02/samples.json
Osaka-component-gas-02,0xb3fcad2363088fbf1b5436e58594bd0cb69a791b9c82b3f2484ad8cbe81894a4,3442920,1,/3/observations/0/chunks/1/receipt,research/r2/models/outputs/resume-component-gas-02/samples.json
Osaka-component-gas-02,0x5ef2d004fcc0b0b547c2e8b04b7f25f3bb3fa04e2c2872721d20d30d652d97a6,5250120,1,/3/observations/1/chunks/0/receipt,research/r2/models/outputs/resume-component-gas-02/samples.json
Osaka-component-gas-02,0x59ba91680bc4a13488a34206dfa2dd065728b421bf8aac2395bbf51f0b1fd6c8,3442890,1,/3/observations/1/chunks/1/receipt,research/r2/models/outputs/resume-component-gas-02/samples.json
Osaka-component-gas-02,0xbbf8cda4a3fe211b217627057acb964b7e21a204a2cff4c330169c5cc88cf0ef,3268538,1,/4/observations/0/chunks/0/receipt,research/r2/models/outputs/resume-component-gas-02/samples.json
Osaka-component-gas-02,0x5181dbf4c2f0bd6010cb9f2526a402ab01ba74c81fcbdbf6c61168f3abc9385a,3113805,1,/4/observations/1/chunks/0/receipt,research/r2/models/outputs/resume-component-gas-02/samples.json
Osaka-component-gas-02,0xcc2aa6f02b5dba5a0dea14452f7280d98ecc0aacc6726ec3f237bc7d1e154e63,5250330,1,/5/observations/0/chunks/0/receipt,research/r2/models/outputs/resume-component-gas-02/samples.json
Osaka-component-gas-02,0x9b44cf1f54020e7d5fa983d8e58aeede433a1d6bcb4129ae852487be79feb740,2085050,1,/5/observations/0/chunks/1/receipt,research/r2/models/outputs/resume-component-gas-02/samples.json
Osaka-component-gas-02,0x6f49aedf031b071cf698ad30b685f7930e7553b66e44793efdd223e1af305931,5250300,1,/5/observations/1/chunks/0/receipt,research/r2/models/outputs/resume-component-gas-02/samples.json
Osaka-component-gas-02,0xe9387998f7704b57586323fbbd2002e3fb0a4db93db9d524350d282e1ccb1a6c,2085020,1,/5/observations/1/chunks/1/receipt,research/r2/models/outputs/resume-component-gas-02/samples.json
Osaka-component-gas-02,0x987d404a1cf68896be0f6062fb6e39918f4f6f9449b1ae7920f804b38b74858e,3265772,1,/6/observations/0/chunks/0/receipt,research/r2/models/outputs/resume-component-gas-02/samples.json
Osaka-component-gas-02,0x025bc8f10c329aba32ee37635632af1c764d4767fbc7a0bfb568c69ee72788e3,3113017,1,/6/observations/1/chunks/0/receipt,research/r2/models/outputs/resume-component-gas-02/samples.json
Osaka-component-gas-02,0x2bed1039254bcb58e15f944a5a074d455030a5e125604deac840a7bb3ede3659,5248980,1,/7/observations/0/chunks/0/receipt,research/r2/models/outputs/resume-component-gas-02/samples.json
Osaka-component-gas-02,0x3efb5bf2c9cc768f3af644589e432197f4bba5f241c4e84b188850381b46970a,2452340,1,/7/observations/0/chunks/1/receipt,research/r2/models/outputs/resume-component-gas-02/samples.json
Osaka-component-gas-02,0xbf87eb6ffda02d076290699d11388551b0581d2b3fcc465ac9c03ba26b8b6df7,5248950,1,/7/observations/1/chunks/0/receipt,research/r2/models/outputs/resume-component-gas-02/samples.json
Osaka-component-gas-02,0x5a55856298c00ebd45b38d25df562344922d02950beaa56a4eef8441d41050af,2452310,1,/7/observations/1/chunks/1/receipt,research/r2/models/outputs/resume-component-gas-02/samples.json
Osaka-component-gas-02,0xde9f2d27e84ab9347fd81c980808cf6fe6c1cc381d6f392952629730173ebbd6,4888766,1,/8/observations/0/chunks/0/receipt,research/r2/models/outputs/resume-component-gas-02/samples.json
Osaka-component-gas-02,0x34bc31c8c87c5f0b31f71ef67f24e7995d285a8d19d42cce4c22ea4355461f40,4658933,1,/8/observations/1/chunks/0/receipt,research/r2/models/outputs/resume-component-gas-02/samples.json
Osaka-component-gas-02,0x72f8d695b2240dedd639983a166b9cb427bd2e463a3758094fa60ba6421ed818,5249340,1,/9/observations/0/chunks/0/receipt,research/r2/models/outputs/resume-component-gas-02/samples.json
Osaka-component-gas-02,0x5c3390dfb45798047e6501f4f3e9d9cda46ade79c6f72ab648780b16db37c590,4892440,1,/9/observations/0/chunks/1/receipt,research/r2/models/outputs/resume-component-gas-02/samples.json
Osaka-component-gas-02,0xa95e53d582a3cd99406e6bf9ad093d160affe57b8fc441c43c872913b070f325,5249310,1,/9/observations/1/chunks/0/receipt,research/r2/models/outputs/resume-component-gas-02/samples.json
Osaka-component-gas-02,0x861a6a506f1785b8dd63251b449ea0e955fc9d9a92fba4703e8905244bb316e3,4892410,1,/9/observations/1/chunks/1/receipt,research/r2/models/outputs/resume-component-gas-02/samples.json
Osaka-component-gas-02,0x2fb8705144260c216b808c03498ba6d402d7336075a5dfcc7e18d445c0ee8016,4888622,1,/10/observations/0/chunks/0/receipt,research/r2/models/outputs/resume-component-gas-02/samples.json
Osaka-component-gas-02,0xfe41ebd8687706d0f2f00296b20c215e7f5cb1f01b74cbeec725c66a9215b864,4658221,1,/10/observations/1/chunks/0/receipt,research/r2/models/outputs/resume-component-gas-02/samples.json
Osaka-component-gas-02,0xc3028d0527a1c363ea24f04aaa1668992cc1bc5ed7eee2873cf6f903e97713b6,5249400,1,/11/observations/0/chunks/0/receipt,research/r2/models/outputs/resume-component-gas-02/samples.json
Osaka-component-gas-02,0xb76e8c1645d36c7d50a3a5dc45c3b274054055ff89e3e2b77e9c6ef35bc6c3be,4907110,1,/11/observations/0/chunks/1/receipt,research/r2/models/outputs/resume-component-gas-02/samples.json
Osaka-component-gas-02,0xae9220697461c33e6a2e972224c3f45081a041ceac9403e96699e570545c53bf,5249370,1,/11/observations/1/chunks/0/receipt,research/r2/models/outputs/resume-component-gas-02/samples.json
Osaka-component-gas-02,0xd4088e5b2f74a806d1fafab70cacf1b788cae9e71e16249a7e26679762c61e6a,4907080,1,/11/observations/1/chunks/1/receipt,research/r2/models/outputs/resume-component-gas-02/samples.json
Osaka-component-gas-02,0x6c0ac7a3bd7939eec32c0d973faa0cff57d7e45a0055d6cf21614783e3170216,4890140,1,/12/observations/0/chunks/0/receipt,research/r2/models/outputs/resume-component-gas-02/samples.json
Osaka-component-gas-02,0x77c62f7341b0dfe0e6cb2e1ec96ea75f25c9a36389c13b20bcf281bf2e802d55,4660157,1,/12/observations/1/chunks/0/receipt,research/r2/models/outputs/resume-component-gas-02/samples.json
Osaka-component-gas-02,0x0a753563c2a30737d47f6ffa43d3565cb29e674817e546c58f82bf482fb85028,5249520,1,/13/observations/0/chunks/0/receipt,research/r2/models/outputs/resume-component-gas-02/samples.json
Osaka-component-gas-02,0x2d8be574d6111cbe498d0bde11889adb29a6cdf2302ff40eeca4dea47cb4c5e2,5250180,1,/13/observations/0/chunks/1/receipt,research/r2/models/outputs/resume-component-gas-02/samples.json
Osaka-component-gas-02,0x2d67bae780be4ce3910ebab1e501012a5de99ce46089cfbe8bf927795c61e7ff,1038180,1,/13/observations/0/chunks/2/receipt,research/r2/models/outputs/resume-component-gas-02/samples.json
Osaka-component-gas-02,0x4ca44a095c33152b843efaf17a2f38f623e0bfd0be164096ece143171172d2e3,5249490,1,/13/observations/1/chunks/0/receipt,research/r2/models/outputs/resume-component-gas-02/samples.json
Osaka-component-gas-02,0x7abe39e83f0da88b216d779ca94ba595cbeb8b12be00853e10744062b425010c,5250150,1,/13/observations/1/chunks/1/receipt,research/r2/models/outputs/resume-component-gas-02/samples.json
Osaka-component-gas-02,0x42bd44ec13dc451d1b5e395fdf850930bae7b0aee6a1b2b4fd7719c872159924,1038150,1,/13/observations/1/chunks/2/receipt,research/r2/models/outputs/resume-component-gas-02/samples.json
Osaka-component-gas-02,0x3e0be95addcad83b2228e982205db51d51e0920f9dbecc9c0bdf33170ea718f0,4888451,1,/14/observations/0/chunks/0/receipt,research/r2/models/outputs/resume-component-gas-02/samples.json
Osaka-component-gas-02,0x85aaf36ec474d3fe545c2b235ca18add2f7c595e814fb56ee1da4c9d7d8c7dbc,4659717,1,/14/observations/1/chunks/0/receipt,research/r2/models/outputs/resume-component-gas-02/samples.json
Osaka-component-gas-02,0xac072c209a5402964e2bd8dd5e0315fe6af2778c96698b534f162857f96f1964,5249940,1,/15/observations/0/chunks/0/receipt,research/r2/models/outputs/resume-component-gas-02/samples.json
Osaka-component-gas-02,0x180ca55a2d18f1bf1843969f02afb955225474313599731b544ce551678c1ef0,5249880,1,/15/observations/0/chunks/1/receipt,research/r2/models/outputs/resume-component-gas-02/samples.json
Osaka-component-gas-02,0xe6c4453d0189bc9576d7dc735de7e312165bcb9dc5044e224ea2655983922016,1727610,1,/15/observations/0/chunks/2/receipt,research/r2/models/outputs/resume-component-gas-02/samples.json
Osaka-component-gas-02,0x165d94bed5d1b260c522a33a86f938e2149f6dfe4fd989226ae596402e8b01f0,5249910,1,/15/observations/1/chunks/0/receipt,research/r2/models/outputs/resume-component-gas-02/samples.json
Osaka-component-gas-02,0x90bd435e0d265762f772c4083dcae093e5a9934ddcf30053b46d47a317a3ced4,5249850,1,/15/observations/1/chunks/1/receipt,research/r2/models/outputs/resume-component-gas-02/samples.json
Osaka-component-gas-02,0x37a7ae8e9fe0eb0204471249f0f8628064013ec0056bc5026d4c640638063247,1727580,1,/15/observations/1/chunks/2/receipt,research/r2/models/outputs/resume-component-gas-02/samples.json
Osaka-component-gas-02,0x4cdc12a9c2c03d30ef139b7f688f688fbeb88a28e40d3f51649f741a20192bdb,3267023,1,/16/observations/0/chunks/0/receipt,research/r2/models/outputs/resume-component-gas-02/samples.json
Osaka-component-gas-02,0xc4e5d086049aeb5a360f8b00466763f3cfd76f988987e0324c8f157ca577183f,3113697,1,/16/observations/1/chunks/0/receipt,research/r2/models/outputs/resume-component-gas-02/samples.json
Osaka-component-gas-02,0x9ac5193d87390b6760d45955f0fe40d16e143094bdc6f5c0754581695c3b864d,5249880,1,/17/observations/0/chunks/0/receipt,research/r2/models/outputs/resume-component-gas-02/samples.json
Osaka-component-gas-02,0x9ef259825c4dc115d6141cf4e9b2b0f1caa929d5bf3d101ddf5c02efefb48f51,5249910,1,/17/observations/0/chunks/1/receipt,research/r2/models/outputs/resume-component-gas-02/samples.json
Osaka-component-gas-02,0xb986874bbb75e0f4a1275e225ecf198f24210154beca0ff604eedf7b2a8f15b1,649810,1,/17/observations/0/chunks/2/receipt,research/r2/models/outputs/resume-component-gas-02/samples.json
Osaka-component-gas-02,0x8cc86a81f80434f1fed52ecf6d7211b9c3b5a64c1633ed054d539ed98135b686,5249850,1,/17/observations/1/chunks/0/receipt,research/r2/models/outputs/resume-component-gas-02/samples.json
Osaka-component-gas-02,0xad8d95251d223c94ab7c2409fd1ef9d78dde6c0ce4c979b1de1088aa9e8494df,5249880,1,/17/observations/1/chunks/1/receipt,research/r2/models/outputs/resume-component-gas-02/samples.json
Osaka-component-gas-02,0x59c5a407d2d2f190cdd951ffc3577c24326c01ae5eb21884348f0bd975f8d767,649780,1,/17/observations/1/chunks/2/receipt,research/r2/models/outputs/resume-component-gas-02/samples.json
Osaka-component-gas-02,0x0591773c599ba4963feb4634e47f6b3ce2a5dffdc134182335ba25cf1ef1ce9f,3264752,1,/18/observations/0/chunks/0/receipt,research/r2/models/outputs/resume-component-gas-02/samples.json
Osaka-component-gas-02,0x7fe48e32da4ddf44021208608fd2e7c2733ab7e023aed2e87253710b429923ef,3112637,1,/18/observations/1/chunks/0/receipt,research/r2/models/outputs/resume-component-gas-02/samples.json
Osaka-component-gas-02,0xa839cbec6679b73e5364b0a566548b72dd478880c37e06ee2353b27aaffe0a1f,5249820,1,/19/observations/0/chunks/0/receipt,research/r2/models/outputs/resume-component-gas-02/samples.json
Osaka-component-gas-02,0xd6993dd42c815753dd53b1d9a63d0b654a933b5ddfc115a5dc223a6c043df28e,5249130,1,/19/observations/0/chunks/1/receipt,research/r2/models/outputs/resume-component-gas-02/samples.json
Osaka-component-gas-02,0x9c4a7bcd9e4b0af7ae92a319b6c84182882752f7cce949f5149e08e2a38579cd,895330,1,/19/observations/0/chunks/2/receipt,research/r2/models/outputs/resume-component-gas-02/samples.json
Osaka-component-gas-02,0x7237e8b7b00d5509d68021af8fff8f1921e173b4f06ecd56482863df2000f09a,5249790,1,/19/observations/1/chunks/0/receipt,research/r2/models/outputs/resume-component-gas-02/samples.json
Osaka-component-gas-02,0x911ba88ba97c00ec7ed5b6daf0d05aca33dd75dadfaadebdb429db145450515a,5249100,1,/19/observations/1/chunks/1/receipt,research/r2/models/outputs/resume-component-gas-02/samples.json
Osaka-component-gas-02,0xaf008462b0af1b718fe59a9f2a002bc5ce999f71fb46e12a2d0748d4c324be64,895300,1,/19/observations/1/chunks/2/receipt,research/r2/models/outputs/resume-component-gas-02/samples.json
Osaka-component-gas-02,0x4621335a48b8cb8cdb567498b24fd0563f73b54ec62cc53e696a79949f2bb96c,4889057,1,/20/observations/0/chunks/0/receipt,research/r2/models/outputs/resume-component-gas-02/samples.json
Osaka-component-gas-02,0xaeb0be3b4424b6fbb91c86addcb8ba39a5b82d658b345413cdf588403395fae9,4657721,1,/20/observations/1/chunks/0/receipt,research/r2/models/outputs/resume-component-gas-02/samples.json
Osaka-component-gas-02,0xe49452bc4e89afe25c315cb6b0cf187a2085717ad383096c880a5f017cce1730,5250720,1,/21/observations/0/chunks/0/receipt,research/r2/models/outputs/resume-component-gas-02/samples.json
Osaka-component-gas-02,0x19f67516acbfa84d382ea13bf2cd62615853c163f4a87deff02ef3f7daafd8df,5250600,1,/21/observations/0/chunks/1/receipt,research/r2/models/outputs/resume-component-gas-02/samples.json
Osaka-component-gas-02,0x533fbf3d17698f3970bccca1a13cf2d72b81282bea739b6772c1fd4e0ec5d469,4137680,1,/21/observations/0/chunks/2/receipt,research/r2/models/outputs/resume-component-gas-02/samples.json
Osaka-component-gas-02,0xd8100f0da8303a65f848273c639c96816da33607ca794cc0ca9af1549368b831,5250690,1,/21/observations/1/chunks/0/receipt,research/r2/models/outputs/resume-component-gas-02/samples.json
Osaka-component-gas-02,0xb2f291c159e288a3a4b0d93b8a3d6169b5a9313d8182401318b32508035ec8d5,5250570,1,/21/observations/1/chunks/1/receipt,research/r2/models/outputs/resume-component-gas-02/samples.json
Osaka-component-gas-02,0xb922f5d2072b2ec3168e9f5903a281cb2d73b5967fde17e9a04932ed490e296e,4137650,1,/21/observations/1/chunks/2/receipt,research/r2/models/outputs/resume-component-gas-02/samples.json
Osaka-component-gas-02,0x812f203fd5fcd8e6ab0bd783854aa228b35d99e61a004d3b2837f3f39cd1484a,4889927,1,/22/observations/0/chunks/0/receipt,research/r2/models/outputs/resume-component-gas-02/samples.json
Osaka-component-gas-02,0xbdb73552c01e6b4e7103b56b5a91b2c2e887e741b9244e7c8cc24ed80a9473d0,4660193,1,/22/observations/1/chunks/0/receipt,research/r2/models/outputs/resume-component-gas-02/samples.json
Osaka-component-gas-02,0x9ef76bf5b180ef3117dc28f26eab631df1834f2a16419d2827f7708eca850bcd,5250270,1,/23/observations/0/chunks/0/receipt,research/r2/models/outputs/resume-component-gas-02/samples.json
Osaka-component-gas-02,0x0f41e61a822209d603226f5e3ac8ff4cc4f43af73833d21a1c3855cfad308224,5250660,1,/23/observations/0/chunks/1/receipt,research/r2/models/outputs/resume-component-gas-02/samples.json
Osaka-component-gas-02,0x00161f065821807f23a332e435f732f6c7f90a811bbb384cbb20d9ea7222d15b,3908030,1,/23/observations/0/chunks/2/receipt,research/r2/models/outputs/resume-component-gas-02/samples.json
Osaka-component-gas-02,0x4dddfbbab3425e8e9f14a2d209df8ea714798d6648a7865249b596443627a7c5,5250240,1,/23/observations/1/chunks/0/receipt,research/r2/models/outputs/resume-component-gas-02/samples.json
Osaka-component-gas-02,0x9d0bf44e74fa9c970c018305d566e6a7ef63c0bcc473faacdcc860237701ad83,5250630,1,/23/observations/1/chunks/1/receipt,research/r2/models/outputs/resume-component-gas-02/samples.json
Osaka-component-gas-02,0x40322510e6d98b4d9a48b986b0150e2d6f09d9c608a7999b3046579671b4e549,3908000,1,/23/observations/1/chunks/2/receipt,research/r2/models/outputs/resume-component-gas-02/samples.json
Osaka-component-gas-02,0xdb2e880d146a07b9f7fe365a44f7345750fac034c299eb698febe3a75f85ac22,3267101,1,/24/observations/0/chunks/0/receipt,research/r2/models/outputs/resume-component-gas-02/samples.json
Osaka-component-gas-02,0x3a7bbc82d9921eee1a778020252d9c7d7b65eea2acca16c50905d9dde528b5b5,3114461,1,/24/observations/1/chunks/0/receipt,research/r2/models/outputs/resume-component-gas-02/samples.json
Osaka-component-gas-02,0xea994b4366969c8e857cf6b1565ee63c085b262515b48a774845c74db818055a,5248740,1,/25/observations/0/chunks/0/receipt,research/r2/models/outputs/resume-component-gas-02/samples.json
Osaka-component-gas-02,0xf8232f203b89c92f22ccf6f56f0d64e0c2a4a904b832f9dd18d95c7e3d29cb48,4141480,1,/25/observations/0/chunks/1/receipt,research/r2/models/outputs/resume-component-gas-02/samples.json
Osaka-component-gas-02,0x216440d15a406a8a5f8604d6679055a8464f7ca4d2f17e2adcdb850cb8875e42,5248710,1,/25/observations/1/chunks/0/receipt,research/r2/models/outputs/resume-component-gas-02/samples.json
Osaka-component-gas-02,0x4a9639e0216e4d0f741716eb6b3a146dfb11d1f2a91998ddd8d62615b2fb6cfa,4141450,1,/25/observations/1/chunks/1/receipt,research/r2/models/outputs/resume-component-gas-02/samples.json
Osaka-component-gas-02,0x63e096a6e91eaaf9a7da31d1909d1103ef89d0a2ba6087399c3beb2464dfa9ef,3267134,1,/26/observations/0/chunks/0/receipt,research/r2/models/outputs/resume-component-gas-02/samples.json
Osaka-component-gas-02,0xb5bb51fd8cf41d9dbb3f243b76c7136f1289c682b7f7b1c89f6284e6bc50a849,3114449,1,/26/observations/1/chunks/0/receipt,research/r2/models/outputs/resume-component-gas-02/samples.json
Osaka-component-gas-02,0x9da245454b8e4ab57ae95439f81da0b659bdbb2ec7c81e651b42d6bb11868b09,5250840,1,/27/observations/0/chunks/0/receipt,research/r2/models/outputs/resume-component-gas-02/samples.json
Osaka-component-gas-02,0xcb6c390d90b6238c4917082446ac9c4dc52d612ebd2f237d9375b3507a1deff3,3847010,1,/27/observations/0/chunks/1/receipt,research/r2/models/outputs/resume-component-gas-02/samples.json
Osaka-component-gas-02,0xe6ac08485d15ca8fb2edc321026bc70f238375e810e65dab716275569193342c,5250810,1,/27/observations/1/chunks/0/receipt,research/r2/models/outputs/resume-component-gas-02/samples.json
Osaka-component-gas-02,0xb2d036d3fcb09ac97e9bbc15bd4e827f2b333571c91107801c266b425e5fc982,3846980,1,/27/observations/1/chunks/1/receipt,research/r2/models/outputs/resume-component-gas-02/samples.json
Osaka-component-gas-02,0xaf6c6b45f4e1044a6685d179c9e115931cfb7076bdd038959a47de2740e2a8e9,3267749,1,/28/observations/0/chunks/0/receipt,research/r2/models/outputs/resume-component-gas-02/samples.json
Osaka-component-gas-02,0xcbab5ace2dbdb2ad293c3c0a35b01d5ba2df03ef85550a6080df20156b1c4f4c,3113657,1,/28/observations/1/chunks/0/receipt,research/r2/models/outputs/resume-component-gas-02/samples.json
Osaka-component-gas-02,0x2d1eeb5459ce543478f18c4dac08a09944d1e3257a96eae033285aa898f700db,5250810,1,/29/observations/0/chunks/0/receipt,research/r2/models/outputs/resume-component-gas-02/samples.json
Osaka-component-gas-02,0x43610c3d807bd9e84ac504cf0aa21cfe2e9d9ae88c81c757743c267f6adc73cc,1063840,1,/29/observations/0/chunks/1/receipt,research/r2/models/outputs/resume-component-gas-02/samples.json
Osaka-component-gas-02,0xc4019e1769cefcb3b055dc20a1f3d9b497374b6b2758b3f3d365f8d409947750,5250780,1,/29/observations/1/chunks/0/receipt,research/r2/models/outputs/resume-component-gas-02/samples.json
Osaka-component-gas-02,0x758651aa20e5a12858fed8215a85ac4679e206d6f7986d86368f47ff69411158,1063810,1,/29/observations/1/chunks/1/receipt,research/r2/models/outputs/resume-component-gas-02/samples.json
Osaka-component-gas-02,0xa50589a6638bcde476e3511a21a8e34f578e64957829cc119a9ffa96207fb2c6,3267119,1,/30/observations/0/chunks/0/receipt,research/r2/models/outputs/resume-component-gas-02/samples.json
Osaka-component-gas-02,0x4e71860b18d5874066223067357fb00427d738d911aa6037da3047dc84ab1362,3113633,1,/30/observations/1/chunks/0/receipt,research/r2/models/outputs/resume-component-gas-02/samples.json
Osaka-component-gas-02,0x62b6b6093444eb73a1818bd59419b2dc6fd875ef6f18fed1ec12d06795f2c7c7,5250060,1,/31/observations/0/chunks/0/receipt,research/r2/models/outputs/resume-component-gas-02/samples.json
Osaka-component-gas-02,0x9bf4df2fd45eb32abe56e4d71dea8bc81e6ab40888a5f675edc4b95f59262161,1038450,1,/31/observations/0/chunks/1/receipt,research/r2/models/outputs/resume-component-gas-02/samples.json
Osaka-component-gas-02,0x371628f819856052582a4b3c9caceb03db38f0643693b0db0b9c4f25308573f8,5250030,1,/31/observations/1/chunks/0/receipt,research/r2/models/outputs/resume-component-gas-02/samples.json
Osaka-component-gas-02,0xbb1d363eccd3e554732007428392f47547fa6b1e0759d0fe1fe17cda273b7c9c,1038420,1,/31/observations/1/chunks/1/receipt,research/r2/models/outputs/resume-component-gas-02/samples.json
Osaka-component-gas-02,0xd818839c3e995eb64609060291e08dc5289e53fa30bcd40499dc14f3d775c6ec,3268715,1,/32/observations/0/chunks/0/receipt,research/r2/models/outputs/resume-component-gas-02/samples.json
Osaka-component-gas-02,0xd7b32a60e8a5c1fd44f604da7418afde48da622a2a8e094242fb1f719cf7a642,3113333,1,/32/observations/1/chunks/0/receipt,research/r2/models/outputs/resume-component-gas-02/samples.json
Osaka-component-gas-02,0x6874a30043ea8e9c4af589c6de873955875661eda8ee1700a723e53deb4d3a21,5249730,1,/33/observations/0/chunks/0/receipt,research/r2/models/outputs/resume-component-gas-02/samples.json
Osaka-component-gas-02,0xfdfbf4fdb9b14f2cc9f60bc36d86003120111ba75197a76af6586e9983b7d86c,4091330,1,/33/observations/0/chunks/1/receipt,research/r2/models/outputs/resume-component-gas-02/samples.json
Osaka-component-gas-02,0x0900639113251ac1e67d25995c0b088b9ac871b5c548bf5493d91ee97d8ee7ad,5249700,1,/33/observations/1/chunks/0/receipt,research/r2/models/outputs/resume-component-gas-02/samples.json
Osaka-component-gas-02,0x4c2de6049dfc6be678f382326c4dcab868906976c75f94de5a64ada380d56f51,4091300,1,/33/observations/1/chunks/1/receipt,research/r2/models/outputs/resume-component-gas-02/samples.json
Osaka-component-gas-02,0xf6fc770a20e763d5abed7140d3afc15ac62611a9cd5f58a7e42981119462dddb,3266534,1,/34/observations/0/chunks/0/receipt,research/r2/models/outputs/resume-component-gas-02/samples.json
Osaka-component-gas-02,0xeecdbc90a40dcd1380b051cd19849644cd17d361c063bf4cc217c07555f78dd1,3113957,1,/34/observations/1/chunks/0/receipt,research/r2/models/outputs/resume-component-gas-02/samples.json
Osaka-component-gas-02,0xb63f78d87720b59de8f10e94f99794e7db35760fa9b2a4c7984c4dd823bec38e,5249970,1,/35/observations/0/chunks/0/receipt,research/r2/models/outputs/resume-component-gas-02/samples.json
Osaka-component-gas-02,0x00b16b8d903fc93d50db32d3ecf1268601c99db4a99b68c16b0ff2d53bf2198c,3703170,1,/35/observations/0/chunks/1/receipt,research/r2/models/outputs/resume-component-gas-02/samples.json
Osaka-component-gas-02,0x3d618550bb999de70e83de733c2965c023619f2aa26c84ab933a404bd2128f3a,5249940,1,/35/observations/1/chunks/0/receipt,research/r2/models/outputs/resume-component-gas-02/samples.json
Osaka-component-gas-02,0xa6f0db8f5abeb1ff961cc39306122614820e984ec7be50902f6e73323b7d0639,3703140,1,/35/observations/1/chunks/1/receipt,research/r2/models/outputs/resume-component-gas-02/samples.json
