scorecard_id,candidate_id,candidate_kind,reported_gate_status,security_qualified,integration_eligible,suggested_score,score_coverage_percent,alternative_scores,sensitivity_range,hard_gate_override,scorecard_path,score_provenance
bundle:A,Bundle-A,bundle,BLOCKED_NO_ELIGIBLE_COMPONENTS,false,false,0.0,30,"{""gas_heavy"":0.0,""operations_heavy"":0.0,""security_heavy"":0.0}",0.0,false,research/report-synthesis/scorecards/bundle--A.json,"[{""artifact_path"":""research/integrated-finalists/outputs/results.json"",""artifact_sha256"":""98334597a3e55cba1d6e7da8ab3ab99af451ae7d96fe7fe423480d45131abedb"",""source_run_id"":null},{""artifact_path"":""research/integrated-finalists/status.json"",""artifact_sha256"":""337a451fe3380f1c2169999417cd87372a35545fdc5e278b7c4fd11010da4b6d"",""source_run_id"":null},{""artifact_path"":""research/reviews/checkpoint-3-backends.json"",""artifact_sha256"":""c84297a081923a9c2fcdfd1963f5178b337c186fb9201028cb816435564d2416"",""source_run_id"":null}]"
bundle:B,Bundle-B,bundle,BLOCKED_NO_ELIGIBLE_COMPONENTS,false,false,0.0,30,"{""gas_heavy"":0.0,""operations_heavy"":0.0,""security_heavy"":0.0}",0.0,false,research/report-synthesis/scorecards/bundle--B.json,"[{""artifact_path"":""research/integrated-finalists/outputs/results.json"",""artifact_sha256"":""98334597a3e55cba1d6e7da8ab3ab99af451ae7d96fe7fe423480d45131abedb"",""source_run_id"":null},{""artifact_path"":""research/integrated-finalists/status.json"",""artifact_sha256"":""337a451fe3380f1c2169999417cd87372a35545fdc5e278b7c4fd11010da4b6d"",""source_run_id"":null},{""artifact_path"":""research/reviews/checkpoint-3-backends.json"",""artifact_sha256"":""c84297a081923a9c2fcdfd1963f5178b337c186fb9201028cb816435564d2416"",""source_run_id"":null}]"
bundle:C,Bundle-C,bundle,BLOCKED_NO_ELIGIBLE_COMPONENTS,false,false,0.0,30,"{""gas_heavy"":0.0,""operations_heavy"":0.0,""security_heavy"":0.0}",0.0,false,research/report-synthesis/scorecards/bundle--C.json,"[{""artifact_path"":""research/integrated-finalists/outputs/results.json"",""artifact_sha256"":""98334597a3e55cba1d6e7da8ab3ab99af451ae7d96fe7fe423480d45131abedb"",""source_run_id"":null},{""artifact_path"":""research/integrated-finalists/status.json"",""artifact_sha256"":""337a451fe3380f1c2169999417cd87372a35545fdc5e278b7c4fd11010da4b6d"",""source_run_id"":null},{""artifact_path"":""research/reviews/checkpoint-3-backends.json"",""artifact_sha256"":""c84297a081923a9c2fcdfd1963f5178b337c186fb9201028cb816435564d2416"",""source_run_id"":null}]"
bundle:D,Bundle-D,bundle,BLOCKED_NO_ELIGIBLE_COMPONENTS,false,false,0.0,30,"{""gas_heavy"":0.0,""operations_heavy"":0.0,""security_heavy"":0.0}",0.0,false,research/report-synthesis/scorecards/bundle--D.json,"[{""artifact_path"":""research/integrated-finalists/outputs/results.json"",""artifact_sha256"":""98334597a3e55cba1d6e7da8ab3ab99af451ae7d96fe7fe423480d45131abedb"",""source_run_id"":null},{""artifact_path"":""research/integrated-finalists/status.json"",""artifact_sha256"":""337a451fe3380f1c2169999417cd87372a35545fdc5e278b7c4fd11010da4b6d"",""source_run_id"":null},{""artifact_path"":""research/reviews/checkpoint-3-backends.json"",""artifact_sha256"":""c84297a081923a9c2fcdfd1963f5178b337c186fb9201028cb816435564d2416"",""source_run_id"":null}]"
bundle:E,Bundle-E,bundle,BLOCKED_NO_ELIGIBLE_COMPONENTS,false,false,0.0,30,"{""gas_heavy"":0.0,""operations_heavy"":0.0,""security_heavy"":0.0}",0.0,false,research/report-synthesis/scorecards/bundle--E.json,"[{""artifact_path"":""research/integrated-finalists/outputs/results.json"",""artifact_sha256"":""98334597a3e55cba1d6e7da8ab3ab99af451ae7d96fe7fe423480d45131abedb"",""source_run_id"":null},{""artifact_path"":""research/integrated-finalists/status.json"",""artifact_sha256"":""337a451fe3380f1c2169999417cd87372a35545fdc5e278b7c4fd11010da4b6d"",""source_run_id"":null},{""artifact_path"":""research/reviews/checkpoint-3-backends.json"",""artifact_sha256"":""c84297a081923a9c2fcdfd1963f5178b337c186fb9201028cb816435564d2416"",""source_run_id"":null}]"
bundle:F,Bundle-F,bundle,BLOCKED_NO_ELIGIBLE_COMPONENTS,false,false,0.0,30,"{""gas_heavy"":0.0,""operations_heavy"":0.0,""security_heavy"":0.0}",0.0,false,research/report-synthesis/scorecards/bundle--F.json,"[{""artifact_path"":""research/integrated-finalists/outputs/results.json"",""artifact_sha256"":""98334597a3e55cba1d6e7da8ab3ab99af451ae7d96fe7fe423480d45131abedb"",""source_run_id"":null},{""artifact_path"":""research/integrated-finalists/status.json"",""artifact_sha256"":""337a451fe3380f1c2169999417cd87372a35545fdc5e278b7c4fd11010da4b6d"",""source_run_id"":null},{""artifact_path"":""research/reviews/checkpoint-3-backends.json"",""artifact_sha256"":""c84297a081923a9c2fcdfd1963f5178b337c186fb9201028cb816435564d2416"",""source_run_id"":null}]"
component:C20-hvzk-whir,C20,component,DEFERRED,false,false,3.333333,30,"{""gas_heavy"":4.0,""operations_heavy"":6.666667,""security_heavy"":2.222222}",4.444445,false,research/report-synthesis/scorecards/component--C20-hvzk-whir.json,"[{""artifact_path"":""research/candidates/C20-hvzk-whir/manifest.json"",""artifact_sha256"":""b82b84584c1174ca14fdf66c6b2d99a1ac1917120efcfe18d8d073ee6c13b802"",""source_run_id"":null},{""artifact_path"":""research/candidates/C20-hvzk-whir/status.json"",""artifact_sha256"":""704e9713f6a89a69481fb09e9e5366629cf70035142128d5dff75794a118b355"",""source_run_id"":null}]"
component:C30-stir,C30,component,BENCHMARK_ONLY,false,false,3.333333,30,"{""gas_heavy"":4.0,""operations_heavy"":6.666667,""security_heavy"":2.222222}",4.444445,false,research/report-synthesis/scorecards/component--C30-stir.json,"[{""artifact_path"":""research/candidates/C30-stir/manifest.json"",""artifact_sha256"":""597ff2e50f3f5b73d3c5d91225efebda5c485e021e5a9f435be8bc5e1aae3d74"",""source_run_id"":null},{""artifact_path"":""research/candidates/C30-stir/status.json"",""artifact_sha256"":""2de22d525da839a8939d62d35fdd7963559fac9de581a1aed99467d424942fe3"",""source_run_id"":null}]"
component:C40-circle,C40,component,DEFERRED,false,false,3.333333,30,"{""gas_heavy"":4.0,""operations_heavy"":6.666667,""security_heavy"":2.222222}",4.444445,false,research/report-synthesis/scorecards/component--C40-circle.json,"[{""artifact_path"":""research/candidates/C40-circle/manifest.json"",""artifact_sha256"":""e0569e088a2ae409f7f04e0223b16589e5de41f52b290c9c84d5ed72758e8ea8"",""source_run_id"":null},{""artifact_path"":""research/candidates/C40-circle/status.json"",""artifact_sha256"":""0f02c185f5bb8216df09efacab905812d1a9765b18a5c6bdd06098035213844a"",""source_run_id"":null}]"
component:C50-spartan-whir,C50,component,DEFERRED,false,false,3.333333,30,"{""gas_heavy"":4.0,""operations_heavy"":6.666667,""security_heavy"":2.222222}",4.444445,false,research/report-synthesis/scorecards/component--C50-spartan-whir.json,"[{""artifact_path"":""research/candidates/C50-spartan-whir/manifest.json"",""artifact_sha256"":""658b1b89f4b9524e580a0d43deba3712fe0409504e14d173c3c3d0a322f17d9c"",""source_run_id"":null},{""artifact_path"":""research/candidates/C50-spartan-whir/status.json"",""artifact_sha256"":""e31f38dd317166fd7e2ba01b8c59e2570df4c809953aa215b889609567d130ae"",""source_run_id"":null}]"
component:C60-recursion,C60,component,DEFERRED,false,false,3.333333,30,"{""gas_heavy"":4.0,""operations_heavy"":6.666667,""security_heavy"":2.222222}",4.444445,false,research/report-synthesis/scorecards/component--C60-recursion.json,"[{""artifact_path"":""research/candidates/C60-recursion/manifest.json"",""artifact_sha256"":""722e0a842b155457110f7a93e9cc60f5b8f3bdfece7c76845e6e5732fb965f4f"",""source_run_id"":null},{""artifact_path"":""research/candidates/C60-recursion/status.json"",""artifact_sha256"":""4ca31e4263ba5b8326b771e39e439a99c40551b59f9b6a7b47ee919c849c0111"",""source_run_id"":null}]"
component:C70-flock-veil,C70,component,FLOCK_STOP_VEIL_DEFERRED,false,false,0.0,30,"{""gas_heavy"":0.0,""operations_heavy"":0.0,""security_heavy"":0.0}",0.0,false,research/report-synthesis/scorecards/component--C70-flock-veil.json,"[{""artifact_path"":""research/candidates/C70-flock-veil/manifest.json"",""artifact_sha256"":""56ccc18e695a3dc4d60b5e8f811ca69292f11f085dcc3a334339f0d4410c9449"",""source_run_id"":null},{""artifact_path"":""research/candidates/C70-flock-veil/status.json"",""artifact_sha256"":""94f28e66d12278d183fcb7c4ec3dc80bf3ef97a2fb69d5f8cb6dc448b4f7e9aa"",""source_run_id"":null}]"
component:F0,F0,component,BENCHMARK_ONLY,false,false,3.333333,30,"{""gas_heavy"":4.0,""operations_heavy"":6.666667,""security_heavy"":2.222222}",4.444445,false,research/report-synthesis/scorecards/component--F0.json,"[{""artifact_path"":""research/candidates/F0/manifest.json"",""artifact_sha256"":""15bc02d816cd15fdf37157255a275c24a38bfed0538afaa0184a52c7bf6f2550"",""source_run_id"":null},{""artifact_path"":""research/candidates/F0/status.json"",""artifact_sha256"":""9ef48348d8d7c805a153a51e081d4a718a019d564f48dd6f2b3c6833e79e4215"",""source_run_id"":null}]"
component:F1,F1,component,BENCHMARK_ONLY,false,false,3.333333,30,"{""gas_heavy"":4.0,""operations_heavy"":6.666667,""security_heavy"":2.222222}",4.444445,false,research/report-synthesis/scorecards/component--F1.json,"[{""artifact_path"":""research/candidates/F1/manifest.json"",""artifact_sha256"":""3a0689ad14b131064b4b5662da7afcc2632265fb81c94d0b3fdd20663ed24302"",""source_run_id"":null},{""artifact_path"":""research/candidates/F1/status.json"",""artifact_sha256"":""df442ead461f2e8c48d575303d86050ba2d6813487a7efeeb1be44cb0117fb4a"",""source_run_id"":null}]"
component:F2,F2,component,BENCHMARK_ONLY,false,false,3.333333,30,"{""gas_heavy"":4.0,""operations_heavy"":6.666667,""security_heavy"":2.222222}",4.444445,false,research/report-synthesis/scorecards/component--F2.json,"[{""artifact_path"":""research/candidates/F2/manifest.json"",""artifact_sha256"":""4392d3705179aca1360a1363527d8799292c177660ccdc4812e55c634331c32f"",""source_run_id"":null},{""artifact_path"":""research/candidates/F2/status.json"",""artifact_sha256"":""b1e64e4bf89fb56c6b2729c6da6461feda45a735e8c82abfb4f1de3aa1a11370"",""source_run_id"":null}]"
component:F3,F3,component,BENCHMARK_ONLY,false,false,3.333333,30,"{""gas_heavy"":4.0,""operations_heavy"":6.666667,""security_heavy"":2.222222}",4.444445,false,research/report-synthesis/scorecards/component--F3.json,"[{""artifact_path"":""research/candidates/F3/manifest.json"",""artifact_sha256"":""bf040bc02c58a30fa07db492ca57a6b1baa8f55ef24e833094b211ec76f0fd23"",""source_run_id"":null},{""artifact_path"":""research/candidates/F3/status.json"",""artifact_sha256"":""318aeb0af7cb31f6bbf91d99b18d0bcad863f5c50d6b2756003704a0d214505b"",""source_run_id"":null}]"
component:F4,F4,component,BENCHMARK_ONLY,false,false,3.333333,30,"{""gas_heavy"":4.0,""operations_heavy"":6.666667,""security_heavy"":2.222222}",4.444445,false,research/report-synthesis/scorecards/component--F4.json,"[{""artifact_path"":""research/candidates/F4/manifest.json"",""artifact_sha256"":""a08a4383df7afc8bc2c03c78effb5d45142d1b379d450efe8527f66d468f6c04"",""source_run_id"":null},{""artifact_path"":""research/candidates/F4/status.json"",""artifact_sha256"":""2497f984535c878914ac2589455e56d35fc1e8ff7d86b3ba09cf83485fa34fa0"",""source_run_id"":null}]"
component:F5,F5,component,BENCHMARK_ONLY,false,false,3.333333,30,"{""gas_heavy"":4.0,""operations_heavy"":6.666667,""security_heavy"":2.222222}",4.444445,false,research/report-synthesis/scorecards/component--F5.json,"[{""artifact_path"":""research/candidates/F5/manifest.json"",""artifact_sha256"":""3dc1656a0104eda292df18b493a69d7250a217c0b167fafc079a8e1dad418329"",""source_run_id"":null},{""artifact_path"":""research/candidates/F5/status.json"",""artifact_sha256"":""beb100062949d7d3dbd7d9d968226ffa2c2f2e7c7b97430ec2364a9febfe09ae"",""source_run_id"":null}]"
component:H0,H0,component,BENCHMARK_ONLY,false,false,3.333333,30,"{""gas_heavy"":4.0,""operations_heavy"":6.666667,""security_heavy"":2.222222}",4.444445,false,research/report-synthesis/scorecards/component--H0.json,"[{""artifact_path"":""research/candidates/H0/manifest.json"",""artifact_sha256"":""382b95fe528a27eb099e4703e5314eeca766f79ceb18019d8935c9f277a460f8"",""source_run_id"":null},{""artifact_path"":""research/candidates/H0/status.json"",""artifact_sha256"":""e7ea9adbff4d499a7e33287acc9eeb57b9f7ba30485a2913db847b0e9c9358a7"",""source_run_id"":null}]"
component:H1,H1,component,BENCHMARK_ONLY,false,false,3.333333,30,"{""gas_heavy"":4.0,""operations_heavy"":6.666667,""security_heavy"":2.222222}",4.444445,false,research/report-synthesis/scorecards/component--H1.json,"[{""artifact_path"":""research/candidates/H1/manifest.json"",""artifact_sha256"":""10d08f0747f41249c2752e7110b1e783683c92c0ef1b6282e9253104c3d69bc9"",""source_run_id"":null},{""artifact_path"":""research/candidates/H1/status.json"",""artifact_sha256"":""95b55cd4accf3399eba5e998b76999c964046f06b677dde24e2dd9c9ec5e3bff"",""source_run_id"":null}]"
component:H2,H2,component,DEFERRED,false,false,3.333333,30,"{""gas_heavy"":4.0,""operations_heavy"":6.666667,""security_heavy"":2.222222}",4.444445,false,research/report-synthesis/scorecards/component--H2.json,"[{""artifact_path"":""research/candidates/H2/manifest.json"",""artifact_sha256"":""e8d93d22e96b2e2d0fa2fed27ef241e27035f06f497ed1a7af96ef92dfaf8b4b"",""source_run_id"":null},{""artifact_path"":""research/candidates/H2/status.json"",""artifact_sha256"":""b6833ce18428d8be870f98356ed2e9c92c16876a5d96f807e991d7ef3dd826ae"",""source_run_id"":null}]"
component:H3,H3,component,BENCHMARK_ONLY,false,false,3.333333,30,"{""gas_heavy"":4.0,""operations_heavy"":6.666667,""security_heavy"":2.222222}",4.444445,false,research/report-synthesis/scorecards/component--H3.json,"[{""artifact_path"":""research/candidates/H3/manifest.json"",""artifact_sha256"":""58fb7360a960e120e3264a9a5d24c6af47f91820190e5aacd8e7a1114588fbf4"",""source_run_id"":null},{""artifact_path"":""research/candidates/H3/status.json"",""artifact_sha256"":""a91290cab7af0fe6df70ebcaa07488f7dacc97a3b8653ef1b1c0e9f4350a192b"",""source_run_id"":null}]"
component:H4,H4,component,BENCHMARK_ONLY,false,false,3.333333,30,"{""gas_heavy"":4.0,""operations_heavy"":6.666667,""security_heavy"":2.222222}",4.444445,false,research/report-synthesis/scorecards/component--H4.json,"[{""artifact_path"":""research/candidates/H4/manifest.json"",""artifact_sha256"":""8cfc6a40a9ce6ed6b4f6ce228dd81bfa1bcb52ea7e35fdbec6ff284d9fac59a1"",""source_run_id"":null},{""artifact_path"":""research/candidates/H4/status.json"",""artifact_sha256"":""bc749086c8b3d644177f79e9a8e259f48afbb92909bae0821485dfaf40773917"",""source_run_id"":null}]"
component:H5,H5,component,BENCHMARK_ONLY,false,false,3.333333,30,"{""gas_heavy"":4.0,""operations_heavy"":6.666667,""security_heavy"":2.222222}",4.444445,false,research/report-synthesis/scorecards/component--H5.json,"[{""artifact_path"":""research/candidates/H5/manifest.json"",""artifact_sha256"":""dab56faa9d349682919ed1af5e1fee22a8679f66871139e0e09119dd3df4cf9e"",""source_run_id"":null},{""artifact_path"":""research/candidates/H5/status.json"",""artifact_sha256"":""384c634d6cba2e7bef356bb048e23e3f51544cc7c9df82d264cd75421d4be8b6"",""source_run_id"":null}]"
component:H6,H6,component,BENCHMARK_ONLY,false,false,3.333333,30,"{""gas_heavy"":4.0,""operations_heavy"":6.666667,""security_heavy"":2.222222}",4.444445,false,research/report-synthesis/scorecards/component--H6.json,"[{""artifact_path"":""research/candidates/H6/manifest.json"",""artifact_sha256"":""18cbe325d758d5adfec6b44368c7c59194ebb56f4fad140369f871993b330d18"",""source_run_id"":null},{""artifact_path"":""research/candidates/H6/status.json"",""artifact_sha256"":""cded2606cd919243b3dbca72b63617e683428543800525cd152c76df111c7a38"",""source_run_id"":null}]"
component:H7,H7,component,BENCHMARK_ONLY,false,false,3.333333,30,"{""gas_heavy"":4.0,""operations_heavy"":6.666667,""security_heavy"":2.222222}",4.444445,false,research/report-synthesis/scorecards/component--H7.json,"[{""artifact_path"":""research/candidates/H7/manifest.json"",""artifact_sha256"":""c71b3b8d6a3481318f4231a6690a3892ee4b6205c5e5abd52eff18be6ad31ff6"",""source_run_id"":null},{""artifact_path"":""research/candidates/H7/status.json"",""artifact_sha256"":""dbc75985d822eac9f88d9c5a9f3e9f18305b72024f011815f4ed33a9902400fb"",""source_run_id"":null}]"
component:T0,T0,component,REFERENCE_CONTROL,false,false,3.333333,30,"{""gas_heavy"":4.0,""operations_heavy"":6.666667,""security_heavy"":2.222222}",4.444445,false,research/report-synthesis/scorecards/component--T0.json,"[{""artifact_path"":""research/candidates/T0/manifest.json"",""artifact_sha256"":""dcb7f4344cdb46a493296971af8d8e6027f4eb4bc6fc58a766262f8dc4e7caf4"",""source_run_id"":null},{""artifact_path"":""research/candidates/T0/status.json"",""artifact_sha256"":""92b211022289bf5b159a082462ff99fb8b0e402f92cf6a7a0997874a6b55605c"",""source_run_id"":null}]"
component:T1,T1,component,NOT_SELECTED,false,false,3.333333,30,"{""gas_heavy"":4.0,""operations_heavy"":6.666667,""security_heavy"":2.222222}",4.444445,false,research/report-synthesis/scorecards/component--T1.json,"[{""artifact_path"":""research/candidates/T1/manifest.json"",""artifact_sha256"":""943ee95910b0e22e684597133546605597a1033a54be9a0f915a760859f2b6e7"",""source_run_id"":null},{""artifact_path"":""research/candidates/T1/status.json"",""artifact_sha256"":""2691312269ca8d42d7d9da394952b1e39d165cbf6134ab70827f723b9aaf4de6"",""source_run_id"":null}]"
component:T2,T2,component,REJECTED_EFFICIENCY,false,false,3.333333,30,"{""gas_heavy"":4.0,""operations_heavy"":6.666667,""security_heavy"":2.222222}",4.444445,false,research/report-synthesis/scorecards/component--T2.json,"[{""artifact_path"":""research/candidates/T2/manifest.json"",""artifact_sha256"":""ff61571f95dd717ce64aaf809ed0f896dafbcad598d57244f3ec565ae5febb7c"",""source_run_id"":null},{""artifact_path"":""research/candidates/T2/status.json"",""artifact_sha256"":""d6c29810b8bb86934f6d0773316ae23e06174cd382bb08916c13e0be976acbe9"",""source_run_id"":null}]"
component:T3,T3,component,T3_EXTERNAL_REVIEW_ONLY,false,false,3.333333,30,"{""gas_heavy"":4.0,""operations_heavy"":6.666667,""security_heavy"":2.222222}",4.444445,false,research/report-synthesis/scorecards/component--T3.json,"[{""artifact_path"":""research/candidates/T3/manifest.json"",""artifact_sha256"":""827a3b5222f0c354bedd9c4aaf08d0b767c4b46206d45b33d52b4b2330bb6222"",""source_run_id"":null},{""artifact_path"":""research/candidates/T3/status.json"",""artifact_sha256"":""ace25d9d0ae3ecb769c206924b9088f66fc5b8d5b378ed347e9ee26009070d2e"",""source_run_id"":null}]"
component:V1,V1,component,BENCHMARK_ONLY,false,false,3.333333,30,"{""gas_heavy"":4.0,""operations_heavy"":6.666667,""security_heavy"":2.222222}",4.444445,false,research/report-synthesis/scorecards/component--V1.json,"[{""artifact_path"":""research/candidates/V1/manifest.json"",""artifact_sha256"":""806bc776b686a3794b6b0a69087d92fc0fe054f42dce299c671422d0382bf819"",""source_run_id"":null},{""artifact_path"":""research/candidates/V1/status.json"",""artifact_sha256"":""53e2cc5eb577874aa787c65ea60d310fbc0bdfbc35ff6d166252e315c9c3ce71"",""source_run_id"":null}]"
component:V2,V2,component,BENCHMARK_ONLY,false,false,3.333333,30,"{""gas_heavy"":4.0,""operations_heavy"":6.666667,""security_heavy"":2.222222}",4.444445,false,research/report-synthesis/scorecards/component--V2.json,"[{""artifact_path"":""research/candidates/V2/manifest.json"",""artifact_sha256"":""8f779c0b37dad25b88f6a77579dee07c0bf3ac5a567bf23a477434521f79676e"",""source_run_id"":null},{""artifact_path"":""research/candidates/V2/status.json"",""artifact_sha256"":""3205d6b06b800cbb579626fd685f5418a0e320d634cf8405b158d105e451944b"",""source_run_id"":null}]"
component:V3,V3,component,BENCHMARK_ONLY,false,false,3.333333,30,"{""gas_heavy"":4.0,""operations_heavy"":6.666667,""security_heavy"":2.222222}",4.444445,false,research/report-synthesis/scorecards/component--V3.json,"[{""artifact_path"":""research/candidates/V3/manifest.json"",""artifact_sha256"":""1dae12847d89e2e60b00c5163f4b5e6525a49a0a24cd4b89408535405435c8a8"",""source_run_id"":null},{""artifact_path"":""research/candidates/V3/status.json"",""artifact_sha256"":""241183d4c3c5619cafdb162beceaa9f6551ac51c34f563fb17100752aa9a591c"",""source_run_id"":null}]"
component:V4,V4,component,BENCHMARK_ONLY,false,false,3.333333,30,"{""gas_heavy"":4.0,""operations_heavy"":6.666667,""security_heavy"":2.222222}",4.444445,false,research/report-synthesis/scorecards/component--V4.json,"[{""artifact_path"":""research/candidates/V4/manifest.json"",""artifact_sha256"":""565a745e1354983726e6b96963163ab5713bf5e3324c890f39f8d3be42d3bdcd"",""source_run_id"":null},{""artifact_path"":""research/candidates/V4/status.json"",""artifact_sha256"":""cb8319bb772be6e671d1593d0228fc71f0e335379a263fbf7c4b02195414df0b"",""source_run_id"":null}]"
component:V5,V5,component,BENCHMARK_ONLY,false,false,3.333333,30,"{""gas_heavy"":4.0,""operations_heavy"":6.666667,""security_heavy"":2.222222}",4.444445,false,research/report-synthesis/scorecards/component--V5.json,"[{""artifact_path"":""research/candidates/V5/manifest.json"",""artifact_sha256"":""adf35eee21d5614dc761e1b669c0eecdae6f4418994a8ac42dda3591af1e5ff3"",""source_run_id"":null},{""artifact_path"":""research/candidates/V5/status.json"",""artifact_sha256"":""3866b17a38d8ea6efc1128e2d4195971456e6c77fd68e4642376719b1505ab23"",""source_run_id"":null}]"
component:V6,V6,component,BENCHMARK_ONLY,false,false,3.333333,30,"{""gas_heavy"":4.0,""operations_heavy"":6.666667,""security_heavy"":2.222222}",4.444445,false,research/report-synthesis/scorecards/component--V6.json,"[{""artifact_path"":""research/candidates/V6/manifest.json"",""artifact_sha256"":""9b1625221ad35d2c3b628195a210621be18e852e3987971feba6fec583e29e53"",""source_run_id"":null},{""artifact_path"":""research/candidates/V6/status.json"",""artifact_sha256"":""ee057da64a33195f5a15758fc2e3d2c3e3955df3e29bba0d71be2b024ce36aec"",""source_run_id"":null}]"
component:V7,V7,component,BENCHMARK_ONLY,false,false,3.333333,30,"{""gas_heavy"":4.0,""operations_heavy"":6.666667,""security_heavy"":2.222222}",4.444445,false,research/report-synthesis/scorecards/component--V7.json,"[{""artifact_path"":""research/candidates/V7/manifest.json"",""artifact_sha256"":""f9fb642d071b5349f1dd6f656d84c506ef004b2e670f62def60d911c9ced200e"",""source_run_id"":null},{""artifact_path"":""research/candidates/V7/status.json"",""artifact_sha256"":""9bd5629fd95ed933d5ed3eed2977de684e4a645e634d00f66dec7860e7be40c7"",""source_run_id"":null}]"
component:V8,V8,component,BENCHMARK_ONLY,false,false,3.333333,30,"{""gas_heavy"":4.0,""operations_heavy"":6.666667,""security_heavy"":2.222222}",4.444445,false,research/report-synthesis/scorecards/component--V8.json,"[{""artifact_path"":""research/candidates/V8/manifest.json"",""artifact_sha256"":""54e3d0e03740460af811dbcf440c5d54dada8a998fe1c48f27b8e36679be523f"",""source_run_id"":null},{""artifact_path"":""research/candidates/V8/status.json"",""artifact_sha256"":""bdcbdb6ab7fa98b91ea8fdd8d42d89bc434b65eda41804fc080dff15800f5793"",""source_run_id"":null}]"
component:V9,V9,component,BENCHMARK_ONLY,false,false,3.333333,30,"{""gas_heavy"":4.0,""operations_heavy"":6.666667,""security_heavy"":2.222222}",4.444445,false,research/report-synthesis/scorecards/component--V9.json,"[{""artifact_path"":""research/candidates/V9/manifest.json"",""artifact_sha256"":""a850cc1c81894d72a273c6f8f2e1b8422a05b2bd175a647d06abe58e6e1d3133"",""source_run_id"":null},{""artifact_path"":""research/candidates/V9/status.json"",""artifact_sha256"":""06ed3fe53f3053c60751d3724e491814d13cefbb9e66b51e376a91f6ac13af57"",""source_run_id"":null}]"
component:air-geometry,SP-20,component,STOPPED_BY_DEPENDENCY,false,false,0.0,30,"{""gas_heavy"":0.0,""operations_heavy"":0.0,""security_heavy"":0.0}",0.0,false,research/report-synthesis/scorecards/component--air-geometry.json,"[{""artifact_path"":""research/candidates/air-geometry/manifest.json"",""artifact_sha256"":""a6063a36591c53207d005be5bc4cff0459269464537752e42ae1cc96bf93cc47"",""source_run_id"":null},{""artifact_path"":""research/candidates/air-geometry/status.json"",""artifact_sha256"":""8321cc23f96e39580cd883a2e4c0c5273cae5e1c3d4c20727a4b2eec896618f1"",""source_run_id"":null}]"
component:deposit-batching,deposit-batching,component,DEFERRED_STOP,false,false,0.0,30,"{""gas_heavy"":0.0,""operations_heavy"":0.0,""security_heavy"":0.0}",0.0,false,research/report-synthesis/scorecards/component--deposit-batching.json,"[{""artifact_path"":""research/candidates/deposit-batching/manifest.json"",""artifact_sha256"":""b3a8f6fc6eca06e480f85f53d1798981ea28c5d8647c1d772e1348a6d5958d79"",""source_run_id"":null},{""artifact_path"":""research/candidates/deposit-batching/status.json"",""artifact_sha256"":""53dc3d0b0c0976def111b5c722eeb6fd8f11390554e3920ae088e1c57a70b6d0"",""source_run_id"":null}]"
component:hash-compression-common,hash-compression-common,component,BENCHMARK_ONLY,false,false,3.333333,30,"{""gas_heavy"":4.0,""operations_heavy"":6.666667,""security_heavy"":2.222222}",4.444445,false,research/report-synthesis/scorecards/component--hash-compression-common.json,"[{""artifact_path"":""research/candidates/hash-compression-common/manifest.json"",""artifact_sha256"":""5e8e241cbc86e936d49a51dee6e49190a1998ac4e005db0df6b51517ef54861d"",""source_run_id"":null},{""artifact_path"":""research/candidates/hash-compression-common/status.json"",""artifact_sha256"":""10f3c7827bf9ee54ba03870ab5dc904547d392c6d9136a613965db8250365dba"",""source_run_id"":null}]"
component:merkle-shape,merkle-shape,component,STOP_HIGHER_ARITY,false,false,0.0,30,"{""gas_heavy"":0.0,""operations_heavy"":0.0,""security_heavy"":0.0}",0.0,false,research/report-synthesis/scorecards/component--merkle-shape.json,"[{""artifact_path"":""research/candidates/merkle-shape/manifest.json"",""artifact_sha256"":""bea77ea351ba8e0359aeb2766332f8a38281f05b141f10c51d3c0240420769c4"",""source_run_id"":null},{""artifact_path"":""research/candidates/merkle-shape/status.json"",""artifact_sha256"":""5d1db6c9aa3aa2763cebdacbdd7d94695e71646e60250918fc7b3454cdd5440c"",""source_run_id"":null}]"
component:structured-relation,SP-21,component,STOPPED_BY_DEPENDENCY,false,false,0.0,30,"{""gas_heavy"":0.0,""operations_heavy"":0.0,""security_heavy"":0.0}",0.0,false,research/report-synthesis/scorecards/component--structured-relation.json,"[{""artifact_path"":""research/candidates/structured-relation/manifest.json"",""artifact_sha256"":""d0829089c2943dacfe5e979bd14de900ee8c13c13e4f6a0f62328d70002d8567"",""source_run_id"":null},{""artifact_path"":""research/candidates/structured-relation/status.json"",""artifact_sha256"":""4be57fede7e0a6060ba6472840d2541292f4537846c2f283162e4e8cd9599ad1"",""source_run_id"":null}]"
component:v03-baseline,C00/v03-baseline,component,FAIL,false,false,0.0,30,"{""gas_heavy"":0.0,""operations_heavy"":0.0,""security_heavy"":0.0}",0.0,false,research/report-synthesis/scorecards/component--v03-baseline.json,"[{""artifact_path"":""research/candidates/v03-baseline/manifest.json"",""artifact_sha256"":""9c73015f7af05d965d1a63c54eaf64aef854437a9a1a0c1a41c27965670283a6"",""source_run_id"":null},{""artifact_path"":""research/candidates/v03-baseline/status.json"",""artifact_sha256"":""a6645e3851b02f9a734fcb93357e980f4b622c03a949667f3a97ef3dcb619cf6"",""source_run_id"":null}]"
component:verifier-optimization-common,SP-31/V1-V9,component,BENCHMARK_ONLY,false,false,3.333333,30,"{""gas_heavy"":4.0,""operations_heavy"":6.666667,""security_heavy"":2.222222}",4.444445,false,research/report-synthesis/scorecards/component--verifier-optimization-common.json,"[{""artifact_path"":""research/candidates/verifier-optimization-common/manifest.json"",""artifact_sha256"":""503ee32bfb8bc67e0f2469bc025301ba0ae6eaddc863fcf3425b150107a8660b"",""source_run_id"":null},{""artifact_path"":""research/candidates/verifier-optimization-common/status.json"",""artifact_sha256"":""6e38c2e19a783f3c6cc6019f33379cb1d492fa86f778c3a6d084c139677009cf"",""source_run_id"":null}]"
minimum:C00,C00,minimum_matrix,FAIL_REPRODUCED_BASELINE,false,false,0.0,30,"{""gas_heavy"":0.0,""operations_heavy"":0.0,""security_heavy"":0.0}",0.0,false,research/report-synthesis/scorecards/minimum--C00.json,"[{""artifact_path"":""research/reviews/checkpoint-1-baseline.json"",""artifact_sha256"":""a7841c1581069fc4db87ccb8f0c23a80c05943233ad10cefc285bae6ea748bbb"",""source_run_id"":null},{""artifact_path"":""research/reviews/checkpoint-2-structural.json"",""artifact_sha256"":""f358ae71042aa6888a3cf43fe0534a3b40cadd5c0f060fd8f3cc075c1e3da3d2"",""source_run_id"":null},{""artifact_path"":""research/reviews/checkpoint-3-backends.json"",""artifact_sha256"":""c84297a081923a9c2fcdfd1963f5178b337c186fb9201028cb816435564d2416"",""source_run_id"":null},{""artifact_path"":""research/reviews/checkpoint-4-product.json"",""artifact_sha256"":""978c65c77f5ee137745aa279a2da8dfb8229b13ecd244432e80c91c738975526"",""source_run_id"":null}]"
minimum:C01,C01,minimum_matrix,NOT_RUN_JUSTIFIED_GATE_FAILURE,false,false,0.0,30,"{""gas_heavy"":0.0,""operations_heavy"":0.0,""security_heavy"":0.0}",0.0,false,research/report-synthesis/scorecards/minimum--C01.json,"[{""artifact_path"":""research/reviews/checkpoint-1-baseline.json"",""artifact_sha256"":""a7841c1581069fc4db87ccb8f0c23a80c05943233ad10cefc285bae6ea748bbb"",""source_run_id"":null},{""artifact_path"":""research/reviews/checkpoint-2-structural.json"",""artifact_sha256"":""f358ae71042aa6888a3cf43fe0534a3b40cadd5c0f060fd8f3cc075c1e3da3d2"",""source_run_id"":null},{""artifact_path"":""research/reviews/checkpoint-3-backends.json"",""artifact_sha256"":""c84297a081923a9c2fcdfd1963f5178b337c186fb9201028cb816435564d2416"",""source_run_id"":null},{""artifact_path"":""research/reviews/checkpoint-4-product.json"",""artifact_sha256"":""978c65c77f5ee137745aa279a2da8dfb8229b13ecd244432e80c91c738975526"",""source_run_id"":null}]"
minimum:C10,C10,minimum_matrix,RESEARCH_ONLY_NO_WINNER,false,false,3.333333,30,"{""gas_heavy"":4.0,""operations_heavy"":6.666667,""security_heavy"":2.222222}",4.444445,false,research/report-synthesis/scorecards/minimum--C10.json,"[{""artifact_path"":""research/reviews/checkpoint-1-baseline.json"",""artifact_sha256"":""a7841c1581069fc4db87ccb8f0c23a80c05943233ad10cefc285bae6ea748bbb"",""source_run_id"":null},{""artifact_path"":""research/reviews/checkpoint-2-structural.json"",""artifact_sha256"":""f358ae71042aa6888a3cf43fe0534a3b40cadd5c0f060fd8f3cc075c1e3da3d2"",""source_run_id"":null},{""artifact_path"":""research/reviews/checkpoint-3-backends.json"",""artifact_sha256"":""c84297a081923a9c2fcdfd1963f5178b337c186fb9201028cb816435564d2416"",""source_run_id"":null},{""artifact_path"":""research/reviews/checkpoint-4-product.json"",""artifact_sha256"":""978c65c77f5ee137745aa279a2da8dfb8229b13ecd244432e80c91c738975526"",""source_run_id"":null}]"
minimum:C11,C11,minimum_matrix,NOT_RUN_JUSTIFIED_GATE_FAILURE,false,false,0.0,30,"{""gas_heavy"":0.0,""operations_heavy"":0.0,""security_heavy"":0.0}",0.0,false,research/report-synthesis/scorecards/minimum--C11.json,"[{""artifact_path"":""research/reviews/checkpoint-1-baseline.json"",""artifact_sha256"":""a7841c1581069fc4db87ccb8f0c23a80c05943233ad10cefc285bae6ea748bbb"",""source_run_id"":null},{""artifact_path"":""research/reviews/checkpoint-2-structural.json"",""artifact_sha256"":""f358ae71042aa6888a3cf43fe0534a3b40cadd5c0f060fd8f3cc075c1e3da3d2"",""source_run_id"":null},{""artifact_path"":""research/reviews/checkpoint-3-backends.json"",""artifact_sha256"":""c84297a081923a9c2fcdfd1963f5178b337c186fb9201028cb816435564d2416"",""source_run_id"":null},{""artifact_path"":""research/reviews/checkpoint-4-product.json"",""artifact_sha256"":""978c65c77f5ee137745aa279a2da8dfb8229b13ecd244432e80c91c738975526"",""source_run_id"":null}]"
minimum:C12,C12,minimum_matrix,NOT_RUN_JUSTIFIED_GATE_FAILURE,false,false,0.0,30,"{""gas_heavy"":0.0,""operations_heavy"":0.0,""security_heavy"":0.0}",0.0,false,research/report-synthesis/scorecards/minimum--C12.json,"[{""artifact_path"":""research/reviews/checkpoint-1-baseline.json"",""artifact_sha256"":""a7841c1581069fc4db87ccb8f0c23a80c05943233ad10cefc285bae6ea748bbb"",""source_run_id"":null},{""artifact_path"":""research/reviews/checkpoint-2-structural.json"",""artifact_sha256"":""f358ae71042aa6888a3cf43fe0534a3b40cadd5c0f060fd8f3cc075c1e3da3d2"",""source_run_id"":null},{""artifact_path"":""research/reviews/checkpoint-3-backends.json"",""artifact_sha256"":""c84297a081923a9c2fcdfd1963f5178b337c186fb9201028cb816435564d2416"",""source_run_id"":null},{""artifact_path"":""research/reviews/checkpoint-4-product.json"",""artifact_sha256"":""978c65c77f5ee137745aa279a2da8dfb8229b13ecd244432e80c91c738975526"",""source_run_id"":null}]"
minimum:C20,C20,minimum_matrix,DEFERRED_UPSTREAM_CONTROL_NOT_INTEGRATED,false,false,3.333333,30,"{""gas_heavy"":4.0,""operations_heavy"":6.666667,""security_heavy"":2.222222}",4.444445,false,research/report-synthesis/scorecards/minimum--C20.json,"[{""artifact_path"":""research/reviews/checkpoint-1-baseline.json"",""artifact_sha256"":""a7841c1581069fc4db87ccb8f0c23a80c05943233ad10cefc285bae6ea748bbb"",""source_run_id"":null},{""artifact_path"":""research/reviews/checkpoint-2-structural.json"",""artifact_sha256"":""f358ae71042aa6888a3cf43fe0534a3b40cadd5c0f060fd8f3cc075c1e3da3d2"",""source_run_id"":null},{""artifact_path"":""research/reviews/checkpoint-3-backends.json"",""artifact_sha256"":""c84297a081923a9c2fcdfd1963f5178b337c186fb9201028cb816435564d2416"",""source_run_id"":null},{""artifact_path"":""research/reviews/checkpoint-4-product.json"",""artifact_sha256"":""978c65c77f5ee137745aa279a2da8dfb8229b13ecd244432e80c91c738975526"",""source_run_id"":null}]"
minimum:C21,C21,minimum_matrix,NOT_RUN_JUSTIFIED_GATE_FAILURE,false,false,0.0,30,"{""gas_heavy"":0.0,""operations_heavy"":0.0,""security_heavy"":0.0}",0.0,false,research/report-synthesis/scorecards/minimum--C21.json,"[{""artifact_path"":""research/reviews/checkpoint-1-baseline.json"",""artifact_sha256"":""a7841c1581069fc4db87ccb8f0c23a80c05943233ad10cefc285bae6ea748bbb"",""source_run_id"":null},{""artifact_path"":""research/reviews/checkpoint-2-structural.json"",""artifact_sha256"":""f358ae71042aa6888a3cf43fe0534a3b40cadd5c0f060fd8f3cc075c1e3da3d2"",""source_run_id"":null},{""artifact_path"":""research/reviews/checkpoint-3-backends.json"",""artifact_sha256"":""c84297a081923a9c2fcdfd1963f5178b337c186fb9201028cb816435564d2416"",""source_run_id"":null},{""artifact_path"":""research/reviews/checkpoint-4-product.json"",""artifact_sha256"":""978c65c77f5ee137745aa279a2da8dfb8229b13ecd244432e80c91c738975526"",""source_run_id"":null}]"
minimum:C22,C22,minimum_matrix,NOT_RUN_JUSTIFIED_GATE_FAILURE,false,false,0.0,30,"{""gas_heavy"":0.0,""operations_heavy"":0.0,""security_heavy"":0.0}",0.0,false,research/report-synthesis/scorecards/minimum--C22.json,"[{""artifact_path"":""research/reviews/checkpoint-1-baseline.json"",""artifact_sha256"":""a7841c1581069fc4db87ccb8f0c23a80c05943233ad10cefc285bae6ea748bbb"",""source_run_id"":null},{""artifact_path"":""research/reviews/checkpoint-2-structural.json"",""artifact_sha256"":""f358ae71042aa6888a3cf43fe0534a3b40cadd5c0f060fd8f3cc075c1e3da3d2"",""source_run_id"":null},{""artifact_path"":""research/reviews/checkpoint-3-backends.json"",""artifact_sha256"":""c84297a081923a9c2fcdfd1963f5178b337c186fb9201028cb816435564d2416"",""source_run_id"":null},{""artifact_path"":""research/reviews/checkpoint-4-product.json"",""artifact_sha256"":""978c65c77f5ee137745aa279a2da8dfb8229b13ecd244432e80c91c738975526"",""source_run_id"":null}]"
minimum:C23,C23,minimum_matrix,NOT_RUN_JUSTIFIED_GATE_FAILURE,false,false,0.0,30,"{""gas_heavy"":0.0,""operations_heavy"":0.0,""security_heavy"":0.0}",0.0,false,research/report-synthesis/scorecards/minimum--C23.json,"[{""artifact_path"":""research/reviews/checkpoint-1-baseline.json"",""artifact_sha256"":""a7841c1581069fc4db87ccb8f0c23a80c05943233ad10cefc285bae6ea748bbb"",""source_run_id"":null},{""artifact_path"":""research/reviews/checkpoint-2-structural.json"",""artifact_sha256"":""f358ae71042aa6888a3cf43fe0534a3b40cadd5c0f060fd8f3cc075c1e3da3d2"",""source_run_id"":null},{""artifact_path"":""research/reviews/checkpoint-3-backends.json"",""artifact_sha256"":""c84297a081923a9c2fcdfd1963f5178b337c186fb9201028cb816435564d2416"",""source_run_id"":null},{""artifact_path"":""research/reviews/checkpoint-4-product.json"",""artifact_sha256"":""978c65c77f5ee137745aa279a2da8dfb8229b13ecd244432e80c91c738975526"",""source_run_id"":null}]"
minimum:C30,C30,minimum_matrix,NOT_RUN_JUSTIFIED_GATE_FAILURE,false,false,0.0,30,"{""gas_heavy"":0.0,""operations_heavy"":0.0,""security_heavy"":0.0}",0.0,false,research/report-synthesis/scorecards/minimum--C30.json,"[{""artifact_path"":""research/reviews/checkpoint-1-baseline.json"",""artifact_sha256"":""a7841c1581069fc4db87ccb8f0c23a80c05943233ad10cefc285bae6ea748bbb"",""source_run_id"":null},{""artifact_path"":""research/reviews/checkpoint-2-structural.json"",""artifact_sha256"":""f358ae71042aa6888a3cf43fe0534a3b40cadd5c0f060fd8f3cc075c1e3da3d2"",""source_run_id"":null},{""artifact_path"":""research/reviews/checkpoint-3-backends.json"",""artifact_sha256"":""c84297a081923a9c2fcdfd1963f5178b337c186fb9201028cb816435564d2416"",""source_run_id"":null},{""artifact_path"":""research/reviews/checkpoint-4-product.json"",""artifact_sha256"":""978c65c77f5ee137745aa279a2da8dfb8229b13ecd244432e80c91c738975526"",""source_run_id"":null}]"
minimum:C40,C40,minimum_matrix,NOT_RUN_JUSTIFIED_GATE_FAILURE,false,false,0.0,30,"{""gas_heavy"":0.0,""operations_heavy"":0.0,""security_heavy"":0.0}",0.0,false,research/report-synthesis/scorecards/minimum--C40.json,"[{""artifact_path"":""research/reviews/checkpoint-1-baseline.json"",""artifact_sha256"":""a7841c1581069fc4db87ccb8f0c23a80c05943233ad10cefc285bae6ea748bbb"",""source_run_id"":null},{""artifact_path"":""research/reviews/checkpoint-2-structural.json"",""artifact_sha256"":""f358ae71042aa6888a3cf43fe0534a3b40cadd5c0f060fd8f3cc075c1e3da3d2"",""source_run_id"":null},{""artifact_path"":""research/reviews/checkpoint-3-backends.json"",""artifact_sha256"":""c84297a081923a9c2fcdfd1963f5178b337c186fb9201028cb816435564d2416"",""source_run_id"":null},{""artifact_path"":""research/reviews/checkpoint-4-product.json"",""artifact_sha256"":""978c65c77f5ee137745aa279a2da8dfb8229b13ecd244432e80c91c738975526"",""source_run_id"":null}]"
product:aggregation,product-aggregation,product_study,STOP_BY_DEPENDENCY,false,false,0.0,30,"{""gas_heavy"":0.0,""operations_heavy"":0.0,""security_heavy"":0.0}",0.0,false,research/report-synthesis/scorecards/product--aggregation.json,"[{""artifact_path"":""research/aggregation/status.json"",""artifact_sha256"":""06a3d71a50ac22e062dc6b086111287917c7f44258da02491bf4461b45e49815"",""source_run_id"":null},{""artifact_path"":""research/reviews/checkpoint-4-product.json"",""artifact_sha256"":""978c65c77f5ee137745aa279a2da8dfb8229b13ecd244432e80c91c738975526"",""source_run_id"":null}]"
product:individual-l1,product-individual-l1,product_study,NO_SECURITY_QUALIFIED_FINALIST,false,false,3.333333,30,"{""gas_heavy"":4.0,""operations_heavy"":6.666667,""security_heavy"":2.222222}",4.444445,false,research/report-synthesis/scorecards/product--individual-l1.json,"[{""artifact_path"":""research/reviews/checkpoint-4-product.json"",""artifact_sha256"":""978c65c77f5ee137745aa279a2da8dfb8229b13ecd244432e80c91c738975526"",""source_run_id"":null}]"
product:l2,product-l2,product_study,PRODUCT_GATE_NOT_EVALUATED_NOT_PASSED,false,false,3.333333,30,"{""gas_heavy"":4.0,""operations_heavy"":6.666667,""security_heavy"":2.222222}",4.444445,false,research/report-synthesis/scorecards/product--l2.json,"[{""artifact_path"":""research/l2-economics/status.json"",""artifact_sha256"":""37c3044ca217f3f99ec3237152ca4a48224c541d378e5bb876db230c95c764ae"",""source_run_id"":null},{""artifact_path"":""research/reviews/checkpoint-4-product.json"",""artifact_sha256"":""978c65c77f5ee137745aa279a2da8dfb8229b13ecd244432e80c91c738975526"",""source_run_id"":null}]"
product:prover-operations,product-prover-operations,product_study,FAIL,false,false,0.0,30,"{""gas_heavy"":0.0,""operations_heavy"":0.0,""security_heavy"":0.0}",0.0,false,research/report-synthesis/scorecards/product--prover-operations.json,"[{""artifact_path"":""research/prover-operations/status.json"",""artifact_sha256"":""e602826a700841f60abbde910f6c78f5c9ee5f7ddd3ebe35e04a2e043ed1e8b9"",""source_run_id"":null},{""artifact_path"":""research/reviews/checkpoint-4-product.json"",""artifact_sha256"":""978c65c77f5ee137745aa279a2da8dfb8229b13ecd244432e80c91c738975526"",""source_run_id"":null}]"
product:robust-two-call,product-robust-two-call,product_study,FAIL_PROJECTION_FULL_PATH_NOT_EVALUATED,false,false,0.0,30,"{""gas_heavy"":0.0,""operations_heavy"":0.0,""security_heavy"":0.0}",0.0,false,research/report-synthesis/scorecards/product--robust-two-call.json,"[{""artifact_path"":""research/reviews/checkpoint-4-product.json"",""artifact_sha256"":""978c65c77f5ee137745aa279a2da8dfb8229b13ecd244432e80c91c738975526"",""source_run_id"":null},{""artifact_path"":""research/two-call-state/status.json"",""artifact_sha256"":""407538bf1572c859b15bc86a36e4782dafe7ca92ef787ec99385d742bd7e271d"",""source_run_id"":null}]"
