candidate_id,run_id,hardware_id,threads,cold_or_warm,wall_ms,cpu_ms,peak_rss_bytes,proof_bytes,native_verify_ms,success
C10-fri,research-sp50-c10-fri-b3-q111-c16x16-f0-r4-r0,H1-MAC16-5-M4MAX-48G,16,NOT_APPLICABLE,265.85141699999997,,16891904,484577,4.435125,true
C10-fri,research-sp50-c10-fri-b3-q111-c16x16-f0-r4-r1,H1-MAC16-5-M4MAX-48G,16,NOT_APPLICABLE,325.039875,,29917184,482721,7.249208,true
C10-fri,research-sp50-c10-fri-b4-q32-c16x16-f0-r4-r0,H1-MAC16-5-M4MAX-48G,16,NOT_APPLICABLE,895.798334,,27836416,195233,2.2140419999999996,true
C10-fri,research-sp50-c10-fri-b4-q32-c16x16-f0-r4-r1,H1-MAC16-5-M4MAX-48G,16,NOT_APPLICABLE,505.12608299999994,,49250304,195297,2.281083,true
C10-fri,research-sp50-c10-fri-b4-q48-c16x16-f0-r4-r0,H1-MAC16-5-M4MAX-48G,16,NOT_APPLICABLE,516.230833,,26771456,270305,2.7955419999999997,true
C10-fri,research-sp50-c10-fri-b4-q48-c16x16-f0-r4-r1,H1-MAC16-5-M4MAX-48G,16,NOT_APPLICABLE,475.069041,,41598976,273825,2.7544589999999998,true
C20,research-sp51-c20-native-r0,H1-MAC16-5-M4MAX-48G,16,NOT_APPLICABLE,5.625791,,6389760,36815,1.127083,true
C20,research-sp51-c20-native-r1,H1-MAC16-5-M4MAX-48G,16,NOT_APPLICABLE,5.499083,,6389760,36719,1.13925,true
C30,research-sp52-c30-native,H1-MAC16-5-M4MAX-48G,16,NOT_APPLICABLE,10.686458,,8962048,17407,0.522167,true
C00/v03-baseline,v03-corpus-01,macnch33z3.local-arm64,16,WARM,601.7720000236295,,29769728,212332,2.1607499999999997,true
C00/v03-baseline,v03-corpus-02,macnch33z3.local-arm64,16,WARM,824.8314580123406,,29933568,202412,2.17275,true
C00/v03-baseline,v03-corpus-03,macnch33z3.local-arm64,16,WARM,479.79350000969134,,30654464,209260,2.123125,true
C00/v03-baseline,v03-corpus-04,macnch33z3.local-arm64,16,WARM,767.5857080030255,,30081024,207980,2.1321660000000002,true
C00/v03-baseline,v03-corpus-05,macnch33z3.local-arm64,16,WARM,675.4227500059642,,30851072,208940,2.171958,true
C00/v03-baseline,v03-corpus-06,macnch33z3.local-arm64,16,WARM,528.4982919984031,,28983296,213036,2.120458,true
C00/v03-baseline,v03-corpus-07,macnch33z3.local-arm64,16,WARM,409.10966700175777,,29212672,206188,2.1450839999999998,true
C00/v03-baseline,v03-corpus-08,macnch33z3.local-arm64,16,WARM,686.4378330064937,,29376512,213804,2.22725,true
C00/v03-baseline,v03-corpus-09,macnch33z3.local-arm64,16,WARM,514.3474169890396,,30523392,206060,2.309833,true
C00/v03-baseline,v03-corpus-10,macnch33z3.local-arm64,16,WARM,487.2614159830846,,29163520,208876,2.173,true
C00/v03-baseline,v03-corpus-11,macnch33z3.local-arm64,16,WARM,1013.3327500079758,,29245440,208620,2.115916,true
C00/v03-baseline,v03-corpus-12,macnch33z3.local-arm64,16,WARM,381.1275000043679,,29818880,203116,2.1146670000000003,true
C00/v03-baseline,v03-corpus-13,macnch33z3.local-arm64,16,WARM,653.4976660041139,,29884416,211884,2.3714589999999998,true
C00/v03-baseline,v03-corpus-14,macnch33z3.local-arm64,16,WARM,364.11733299610205,,30179328,207404,2.103625,true
C00/v03-baseline,v03-corpus-15,macnch33z3.local-arm64,16,WARM,516.9437079748604,,29851648,208940,2.088875,true
C00/v03-baseline,v03-corpus-16,macnch33z3.local-arm64,16,WARM,560.3130829986185,,29868032,211692,2.325333,true
C00/v03-baseline,v03-corpus-17,macnch33z3.local-arm64,16,WARM,487.4853329965845,,29949952,203820,2.1982500000000003,true
C00/v03-baseline,v03-corpus-18,macnch33z3.local-arm64,16,WARM,430.87029200978577,,28917760,211372,2.213375,true
C00/v03-baseline,v03-corpus-19,macnch33z3.local-arm64,16,WARM,489.01262498111464,,30228480,207148,2.165625,true
C00/v03-baseline,v03-corpus-20,macnch33z3.local-arm64,16,WARM,471.72883298480883,,27213824,213100,2.144292,true
C00/v03-baseline,v03-corpus-21,macnch33z3.local-arm64,16,WARM,630.5501250026282,,31408128,205356,2.3104169999999997,true
C00/v03-baseline,v03-corpus-22,macnch33z3.local-arm64,16,WARM,716.5569170028903,,29360128,206372,2.116083,true
C00/v03-baseline,v03-corpus-23,macnch33z3.local-arm64,16,WARM,724.2943329911213,,28459008,206700,2.142958,true
C00/v03-baseline,v03-corpus-24,macnch33z3.local-arm64,16,WARM,701.5989590145182,,28901376,210156,2.1180830000000004,true
C00/v03-baseline,v03-corpus-25,macnch33z3.local-arm64,16,WARM,800.632583006518,,28917760,210028,2.1797079999999998,true
C00/v03-baseline,v03-corpus-26,macnch33z3.local-arm64,16,WARM,366.1298750084825,,27688960,213356,2.2095000000000002,true
C00/v03-baseline,v03-corpus-27,macnch33z3.local-arm64,16,WARM,624.2321669997182,,30605312,211244,2.15275,true
C00/v03-baseline,v03-corpus-28,macnch33z3.local-arm64,16,WARM,397.7153749729041,,29409280,210988,2.169791,true
C00/v03-baseline,v03-corpus-29,macnch33z3.local-arm64,16,WARM,806.4680829993449,,30326784,210796,2.235167,true
C00/v03-baseline,v03-corpus-30,macnch33z3.local-arm64,16,WARM,815.091875003418,,29622272,212524,2.187875,true
C00/v03-baseline,v03-fixed-01,macnch33z3.local-arm64,16,WARM,680.0621660077013,,29491200,212204,2.3137079999999997,true
C00/v03-baseline,v03-fixed-02,macnch33z3.local-arm64,16,WARM,572.3174579907209,,29196288,208364,2.14325,true
C00/v03-baseline,v03-fixed-03,macnch33z3.local-arm64,16,WARM,358.7581249885261,,29474816,212268,2.188916,true
C00/v03-baseline,v03-fixed-04,macnch33z3.local-arm64,16,WARM,272.52025000052527,,27492352,212012,2.149959,true
C00/v03-baseline,v03-fixed-05,macnch33z3.local-arm64,16,WARM,489.9004999897443,,26771456,209772,2.156542,true
C00/v03-baseline,v03-fixed-06,macnch33z3.local-arm64,16,WARM,799.1530830040574,,27639808,198052,2.054208,true
C00/v03-baseline,v03-fixed-07,macnch33z3.local-arm64,16,WARM,768.5762499750126,,29081600,209644,2.161,true
C00/v03-baseline,v03-fixed-08,macnch33z3.local-arm64,16,WARM,608.178249996854,,28082176,207788,2.113209,true
C00/v03-baseline,v03-fixed-09,macnch33z3.local-arm64,16,WARM,682.6057079888415,,31293440,207084,2.316,true
C00/v03-baseline,v03-fixed-10,macnch33z3.local-arm64,16,WARM,608.1650000123773,,29360128,212332,2.2374169999999998,true
C00/v03-baseline,v03-fixed-11,macnch33z3.local-arm64,16,WARM,1115.2789169864263,,30572544,207532,2.268416,true
C00/v03-baseline,v03-fixed-12,macnch33z3.local-arm64,16,WARM,628.9151660166681,,29294592,209260,2.1514580000000003,true
C00/v03-baseline,v03-fixed-13,macnch33z3.local-arm64,16,WARM,478.36979100247845,,28508160,210668,2.12025,true
C00/v03-baseline,v03-fixed-14,macnch33z3.local-arm64,16,WARM,397.3851249902509,,28360704,204140,2.130458,true
C00/v03-baseline,v03-fixed-15,macnch33z3.local-arm64,16,WARM,654.6709170215763,,29229056,207788,2.121458,true
C00/v03-baseline,v03-fixed-16,macnch33z3.local-arm64,16,WARM,794.0170830115676,,30851072,210988,2.1555,true
C00/v03-baseline,v03-fixed-17,macnch33z3.local-arm64,16,WARM,491.80920800426975,,29900800,207084,2.2039590000000002,true
C00/v03-baseline,v03-fixed-18,macnch33z3.local-arm64,16,WARM,581.7908750032075,,29999104,211692,2.177292,true
C00/v03-baseline,v03-fixed-19,macnch33z3.local-arm64,16,WARM,496.1828750092536,,28639232,201836,2.115709,true
C00/v03-baseline,v03-fixed-20,macnch33z3.local-arm64,16,WARM,687.9920829960611,,31653888,201196,2.532458,true
C00/v03-baseline,v03-fixed-21,macnch33z3.local-arm64,16,WARM,718.2954160089139,,28508160,213740,2.356917,true
C00/v03-baseline,v03-fixed-22,macnch33z3.local-arm64,16,WARM,743.8496249960735,,28459008,209452,2.1244169999999998,true
C00/v03-baseline,v03-fixed-23,macnch33z3.local-arm64,16,WARM,763.9330000092741,,28983296,207020,2.1112499999999996,true
C00/v03-baseline,v03-fixed-24,macnch33z3.local-arm64,16,WARM,783.8042920047883,,29884416,202924,2.154625,true
C00/v03-baseline,v03-fixed-25,macnch33z3.local-arm64,16,WARM,468.240957998205,,29523968,207972,2.162,true
C00/v03-baseline,v03-fixed-26,macnch33z3.local-arm64,16,WARM,369.18120802147314,,29425664,210796,2.1888340000000004,true
C00/v03-baseline,v03-fixed-27,macnch33z3.local-arm64,16,WARM,485.9876249975059,,30130176,204524,2.117916,true
C00/v03-baseline,v03-fixed-28,macnch33z3.local-arm64,16,WARM,1066.4500839775428,,29491200,212588,2.251333,true
C00/v03-baseline,v03-fixed-29,macnch33z3.local-arm64,16,WARM,382.58362500346266,,30392320,206444,2.1002080000000003,true
C00/v03-baseline,v03-fixed-30,macnch33z3.local-arm64,16,WARM,348.4505829983391,,29655040,206828,2.181292,true
